"Id";"Region";"ActivityDate";"TotalSteps";"TotalDistance_Kms";"DailyCalories";"ExtraCalories";"SedentaryMinutes";"LightlyActiveMinutes";"FairlyActiveMinutes";"VeryActiveMinutes";"SedentaryActiveDistance_Kms";"LightActiveDistance_Kms";"ModeratelyActiveDistance_Kms";"VeryActiveDistance_Kms";"TotalMinutesAsleep";"WeightKg";"BMI"
1503960366;"North";"2016-04-12";13162;8.5;1985;1985;728;328;13;25;0.0;6.06;0.55;1.88;0;0;0
1503960366;"East";"2016-04-13";10735;6.97;1797;1797;776;217;19;21;0.0;4.71;0.69;1.57;0;0;0
1503960366;"West";"2016-04-14";10460;6.74;1776;1776;1218;181;11;30;0.0;3.91;0.4;2.44;0;0;0
1503960366;"South";"2016-04-15";9762;6.28;1745;1745;726;209;34;29;0.0;2.83;1.26;2.14;0;0;0
1503960366;"West";"2016-04-16";12669;8.16;1863;1863;773;221;10;36;0.0;5.04;0.41;2.71;0;0;0
1503960366;"West";"2016-04-17";9705;6.48;1728;1728;539;164;20;38;0.0;2.51;0.78;3.19;0;0;0
1503960366;"South";"2016-04-18";13019;8.59;1921;1921;1149;233;16;42;0.0;4.71;0.64;3.25;0;0;0
1503960366;"North";"2016-04-19";15506;9.88;2035;2035;775;264;31;50;0.0;5.03;1.32;3.53;0;0;0
1503960366;"East";"2016-04-20";10544;6.68;1786;1786;818;205;12;28;0.0;4.24;0.48;1.96;0;0;0
1503960366;"West";"2016-04-21";9819;6.34;1775;1775;838;211;8;19;0.0;4.65;0.35;1.34;0;0;0
1503960366;"West";"2016-04-22";12764;8.13;1827;1827;1217;130;27;66;0.0;2.24;1.12;4.76;0;0;0
1503960366;"South";"2016-04-23";14371;9.04;1949;1949;732;262;21;41;0.0;5.36;0.87;2.81;0;0;0
1503960366;"North";"2016-04-24";10039;6.41;1788;1788;709;238;5;39;0.0;3.28;0.21;2.92;0;0;0
1503960366;"East";"2016-04-25";15355;9.8;2013;2013;814;216;14;73;0.0;3.94;0.57;5.29;0;0;0
1503960366;"West";"2016-04-26";13755;8.79;1970;1970;833;279;23;31;0.0;5.54;0.92;2.33;0;0;0
1503960366;"West";"2016-04-27";18134;12.21;2159;2159;1108;243;11;78;0.0;5.41;0.41;6.4;0;0;0
1503960366;"South";"2016-04-28";13154;8.53;1898;1898;782;189;28;48;0.0;3.79;1.16;3.54;0;0;0
1503960366;"South";"2016-04-29";11181;7.15;1837;1837;815;243;12;16;0.0;5.58;0.5;1.06;0;0;0
1503960366;"North";"2016-04-30";14673;9.25;1947;1947;712;217;34;52;0.0;4.27;1.42;3.56;0;0;0
1503960366;"East";"2016-05-01";10602;6.81;1820;1820;730;246;35;33;0.0;2.92;1.6;2.29;0;0;0
1503960366;"West";"2016-05-02";14727;9.71;2004;2004;798;277;15;41;0.0;5.92;0.57;3.21;0;0;0
1503960366;"East";"2016-05-03";15103;9.66;1990;1990;816;254;24;50;0.0;4.88;1.05;3.73;0;0;0
1503960366;"West";"2016-05-04";11100;7.15;1819;1819;1179;203;22;36;0.0;3.82;0.87;2.46;0;0;0
1503960366;"South";"2016-05-05";14070;8.9;1959;1959;857;250;24;45;0.0;4.88;1.08;2.92;515;0;0
1503960366;"South";"2016-05-06";12159;8.03;1896;1896;754;289;6;24;0.0;5.81;0.25;1.97;0;0;0
1503960366;"North";"2016-05-07";11992;7.71;1821;1821;833;175;46;37;0.0;3.13;2.12;2.46;0;0;0
1503960366;"East";"2016-05-08";10060;6.58;1740;1740;574;203;8;44;0.0;2.73;0.32;3.53;0;0;0
1503960366;"West";"2016-05-09";12022;7.72;1819;1819;835;206;11;46;0.0;3.74;0.53;3.45;0;0;0
1503960366;"South";"2016-05-10";12207;7.77;1859;1859;746;214;31;46;0.0;3.26;1.16;3.35;0;0;0
1503960366;"North";"2016-05-11";12770;8.13;1783;1783;669;251;23;36;0.0;4.55;1.01;2.56;0;0;0
1503960366;"East";"2016-05-12";0;0.0;0;0;1440;0;0;0;0.0;0.0;0.0;0.0;0;0;0
1624580081;"North";"2016-04-12";8163;5.31;1432;1432;1294;146;0;0;0.0;5.31;0.0;0.0;0;0;0
1624580081;"West";"2016-04-13";7007;4.55;1411;1411;1292;148;0;0;0.0;4.55;0.0;0.0;0;0;0
1624580081;"South";"2016-04-14";9107;5.92;1572;1572;1204;236;0;0;0.01;5.91;0.0;0.0;0;0;0
1624580081;"North";"2016-04-15";1510;0.98;1344;1344;1344;96;0;0;0.0;0.97;0.0;0.0;0;0;0
1624580081;"East";"2016-04-16";5370;3.49;1463;1463;1264;176;0;0;0.0;3.49;0.0;0.0;0;0;0
1624580081;"East";"2016-04-17";6175;4.06;1554;1554;1276;127;22;15;0.01;1.49;1.52;1.03;0;0;0
1624580081;"West";"2016-04-18";10536;7.41;1604;1604;1214;202;7;17;0.01;4.62;0.62;2.15;0;0;0
1624580081;"North";"2016-04-19";2916;1.9;1435;1435;1299;141;0;0;0.0;1.9;0.0;0.0;0;0;0
1624580081;"East";"2016-04-20";4974;3.23;1446;1446;1289;151;0;0;0.0;3.23;0.0;0.0;0;0;0
1624580081;"West";"2016-04-21";6349;4.13;1467;1467;1254;186;0;0;0.02;4.11;0.0;0.0;0;0;0
1624580081;"South";"2016-04-22";4026;2.62;1470;1470;1241;199;0;0;0.0;2.6;0.0;0.0;0;0;0
1624580081;"South";"2016-04-23";8538;5.55;1562;1562;1213;227;0;0;0.01;5.54;0.0;0.0;0;0;0
1624580081;"North";"2016-04-24";6076;3.95;1617;1617;1221;185;18;16;0.0;1.89;0.91;1.15;0;0;0
1624580081;"East";"2016-04-25";6497;4.22;1492;1492;1238;202;0;0;0.02;4.2;0.0;0.0;0;0;0
1624580081;"West";"2016-04-26";2826;1.84;1402;1402;1300;140;0;0;0.01;1.83;0.0;0.0;0;0;0
1624580081;"South";"2016-04-27";8367;5.44;1670;1670;1233;154;36;17;0.0;2.46;1.87;1.11;0;0;0
1624580081;"North";"2016-04-28";2759;1.79;1401;1401;1320;115;5;0;0.0;1.6;0.2;0.0;0;0;0
1624580081;"East";"2016-04-29";2390;1.55;1404;1404;1290;150;0;0;0.0;1.55;0.0;0.0;0;0;0
1624580081;"North";"2016-04-30";6474;4.3;1655;1655;1182;224;23;11;0.01;2.12;1.28;0.9;0;0;0
1624580081;"East";"2016-05-01";36019;28.03;2690;2690;1020;171;63;186;0.02;1.91;4.19;21.92;0;0;0
1624580081;"West";"2016-05-02";7155;4.93;1497;1497;1261;166;6;7;0.0;3.47;0.59;0.86;0;0;0
1624580081;"South";"2016-05-03";2100;1.37;1334;1334;1344;96;0;0;0.02;1.34;0.0;0.0;0;0;0
1624580081;"West";"2016-05-04";2193;1.43;1368;1368;1322;118;0;0;0.0;1.42;0.0;0.0;0;0;0
1624580081;"West";"2016-05-05";2470;1.61;1370;1370;1323;117;0;0;0.02;1.58;0.0;0.0;423;0;0
1624580081;"South";"2016-05-06";1727;1.12;1341;1341;1338;102;0;0;0.01;1.12;0.0;0.0;0;0;0
1624580081;"North";"2016-05-07";2104;1.37;1474;1474;1258;182;0;0;0.0;1.37;0.0;0.0;0;0;0
1624580081;"East";"2016-05-08";3427;2.23;1427;1427;1288;152;0;0;0.0;2.22;0.0;0.0;0;0;0
1624580081;"West";"2016-05-09";1732;1.13;1328;1328;1349;91;0;0;0.0;1.13;0.0;0.0;0;0;0
1624580081;"West";"2016-05-10";2969;1.93;1393;1393;1301;139;0;0;0.01;1.92;0.0;0.0;0;0;0
1624580081;"South";"2016-05-11";3134;2.04;1359;1359;1328;112;0;0;0.0;2.04;0.0;0.0;0;0;0
1624580081;"North";"2016-05-12";2971;1.93;1002;1002;890;107;0;0;0.01;1.92;0.0;0.0;0;0;0
1644430081;"East";"2016-05-13";10694;7.77;3199;3199;1131;256;51;2;0.0;5.33;2.3;0.14;0;0;0
1644430081;"West";"2016-04-13";8001;5.82;2902;2902;1259;135;16;30;0.0;2.64;0.9;2.28;0;0;0
1644430081;"West";"2016-04-14";11037;8.02;3226;3226;1125;252;58;5;0.0;5.1;2.56;0.36;0;0;0
1644430081;"South";"2016-04-15";5263;3.83;2750;2750;1263;170;4;3;0.0;3.45;0.15;0.22;0;0;0
1644430081;"South";"2016-04-16";15300;11.12;3493;3493;1135;212;42;51;0.0;5.09;1.88;4.1;0;0;0
1644430081;"North";"2016-04-17";8757;6.37;3011;3011;1212;186;13;29;0.0;3.55;0.57;2.25;0;0;0
1644430081;"East";"2016-04-18";7132;5.19;2806;2806;1271;121;33;15;0.0;2.45;1.67;1.07;0;0;0
1644430081;"West";"2016-04-19";11256;8.18;3300;3300;1099;278;58;5;0.0;5.3;2.53;0.36;0;0;0
1644430081;"East";"2016-04-20";2436;1.77;2430;2430;1315;125;0;0;0.01;1.76;0.0;0.0;0;0;0
1644430081;"West";"2016-04-21";1223;0.89;2140;2140;1402;38;0;0;0.01;0.88;0.0;0.0;0;0;0
1644430081;"South";"2016-04-22";3673;2.67;2344;2344;1354;86;0;0;0.01;2.66;0.0;0.0;0;0;0
1644430081;"South";"2016-04-23";6637;4.83;2677;2677;1265;160;15;0;0.0;4.25;0.58;0.0;0;0;0
1644430081;"North";"2016-04-24";3321;2.41;2413;2413;1351;89;0;0;0.0;2.41;0.0;0.0;0;0;0
1644430081;"East";"2016-04-25";3580;2.6;2497;2497;1337;94;1;8;0.0;1.95;0.06;0.59;0;0;0
1644430081;"West";"2016-04-26";9919;7.21;3123;3123;1165;223;41;11;0.0;4.69;1.72;0.8;0;0;0
1644430081;"South";"2016-04-27";3032;2.2;2489;2489;1322;118;0;0;0.0;2.2;0.0;0.0;0;0;0
1644430081;"North";"2016-04-28";9405;6.84;3108;3108;1157;227;53;3;0.0;4.31;2.32;0.2;0;0;0
1644430081;"East";"2016-04-29";3176;2.31;2498;2498;1193;120;0;0;0.0;2.31;0.0;0.0;0;0;0
1644430081;"North";"2016-04-30";18213;13.24;3846;3846;816;402;71;9;0.0;9.46;3.14;0.63;0;0;0
1644430081;"West";"2016-01-05";6132;4.46;2696;2696;908;146;24;3;0.0;3.23;0.99;0.24;0;0;0
1644430081;"South";"2016-02-05";3758;2.73;2580;2580;682;148;7;1;0.0;2.35;0.31;0.07;0;0;0
1644430081;"North";"2016-03-05";12850;9.34;3324;3324;1115;221;94;10;0.0;4.54;4.09;0.72;0;0;0
1644430081;"East";"2016-04-05";2309;1.68;2222;2222;1388;52;0;0;0.02;1.66;0.0;0.0;0;0;0
1644430081;"East";"2016-05-05";4363;3.19;2463;2463;1341;81;12;6;0.01;2.13;0.54;0.52;0;0;0
1644430081;"West";"2016-06-05";9787;7.12;3328;3328;1054;369;6;11;0.02;6.01;0.27;0.82;0;0;0
1644430081;"North";"2016-07-05";13372;9.72;3404;3404;1139;243;17;41;0.01;5.67;0.79;3.26;0;0;0
1644430081;"East";"2016-08-05";6724;4.89;2987;2987;991;295;0;0;0.0;4.88;0.0;0.0;0;0;0
1644430081;"West";"2016-09-05";6643;4.83;3008;3008;1099;303;6;32;0.01;2.09;0.35;2.39;0;0;0
1644430081;"South";"2016-10-05";9167;6.66;2799;2799;1254;155;19;12;0.01;4.97;0.81;0.88;0;0;0
1644430081;"South";"2016-11-05";1329;0.97;1276;1276;713;49;0;0;0.01;0.95;0.0;0.0;0;0;0
1844505072;"North";"2016-12-04";6697;4.43;2030;2030;1101;339;0;0;0.0;4.43;0.0;0.0;0;53;23
1844505072;"North";"2016-12-04";6697;4.43;2030;2030;1101;339;0;0;0.0;4.43;0.0;0.0;0;53;23
1844505072;"East";"2016-04-13";4929;3.26;1860;1860;1192;248;0;0;0.0;3.26;0.0;0.0;0;0;0
1844505072;"West";"2016-04-14";7937;5.25;2130;2130;843;373;0;0;0.0;5.23;0.0;0.0;0;0;0
1844505072;"South";"2016-04-15";3844;2.54;1725;1725;527;176;0;0;0.0;2.54;0.0;0.0;0;0;0
1844505072;"North";"2016-04-16";3414;2.26;1657;1657;1293;147;0;0;0.0;2.26;0.0;0.0;0;0;0
1844505072;"East";"2016-04-17";4525;2.99;1793;1793;1231;199;8;2;0.0;2.59;0.26;0.14;0;0;0
1844505072;"North";"2016-04-18";4597;3.04;1814;1814;1211;217;12;0;0.0;2.56;0.48;0.0;0;0;0
1844505072;"East";"2016-04-19";197;0.13;1366;1366;1430;10;0;0;0.0;0.13;0.0;0.0;0;0;0
1844505072;"West";"2016-04-20";8;0.01;1349;1349;1439;1;0;0;0.0;0.01;0.0;0.0;0;0;0
1844505072;"South";"2016-04-21";8054;5.32;2062;2062;1117;308;13;2;0.0;4.68;0.52;0.12;0;0;0
1844505072;"West";"2016-04-22";5372;3.55;1827;1827;1220;220;0;0;0.0;3.55;0.0;0.0;0;0;0
1844505072;"West";"2016-04-23";3570;2.36;1645;1645;1301;139;0;0;0.0;2.36;0.0;0.0;0;0;0
1844505072;"South";"2016-04-24";0;0.0;1347;1347;1440;0;0;0;0.0;0.0;0.0;0.0;0;0;0
1844505072;"North";"2016-04-25";0;0.0;1347;1347;1440;0;0;0;0.0;0.0;0.0;0.0;0;0;0
1844505072;"East";"2016-04-26";0;0.0;1347;1347;1440;0;0;0;0.0;0.0;0.0;0.0;0;0;0
1844505072;"West";"2016-04-27";4;0.0;1348;1348;1439;1;0;0;0.0;0.0;0.0;0.0;0;0;0
1844505072;"West";"2016-04-28";6907;4.57;1992;1992;1138;302;0;0;0.0;4.56;0.0;0.0;0;0;0
1844505072;"South";"2016-04-29";4920;3.25;1856;1856;1082;247;0;0;0.0;3.25;0.0;0.0;0;0;0
1844505072;"North";"2016-04-30";4014;2.67;1763;1763;218;184;0;0;0.0;2.65;0.0;0.0;0;0;0
1844505072;"East";"2016-05-01";2573;1.7;1541;1541;585;75;7;0;0.0;1.45;0.26;0.0;0;0;0
1844505072;"West";"2016-05-02";0;0.0;1348;1348;1440;0;0;0;0.0;0.0;0.0;0.0;0;0;0
1844505072;"West";"2016-05-03";4059;2.68;1742;1742;1256;184;0;0;0.0;2.68;0.0;0.0;0;0;0
1844505072;"South";"2016-05-04";2080;1.37;1549;1549;1353;87;0;0;0.0;1.37;0.0;0.0;0;0;0
1844505072;"South";"2016-05-05";2237;1.48;1589;1589;1320;120;0;0;0.0;1.48;0.0;0.0;0;0;0
1844505072;"North";"2016-05-06";44;0.03;1351;1351;1438;2;0;0;0.0;0.03;0.0;0.0;0;0;0
1844505072;"East";"2016-05-07";0;0.0;1347;1347;1440;0;0;0;0.0;0.0;0.0;0.0;0;0;0
1844505072;"West";"2016-05-08";0;0.0;1347;1347;1440;0;0;0;0.0;0.0;0.0;0.0;0;0;0
1844505072;"East";"2016-05-09";0;0.0;1347;1347;1440;0;0;0;0.0;0.0;0.0;0.0;0;0;0
1844505072;"West";"2016-05-10";0;0.0;1347;1347;1440;0;0;0;0.0;0.0;0.0;0.0;0;0;0
1844505072;"South";"2016-05-11";0;0.0;1347;1347;1440;0;0;0;0.0;0.0;0.0;0.0;0;0;0
1844505072;"South";"2016-05-12";0;0.0;665;665;711;0;0;0;0.0;0.0;0.0;0.0;0;0;0
1927972279;"North";"2016-05-13";678;0.47;2220;2220;734;55;0;0;0.0;0.47;0.0;0.0;0;0;0
1927972279;"East";"2016-04-13";356;0.25;2151;2151;986;32;0;0;0.0;0.25;0.0;0.0;0;0;0
1927972279;"West";"2016-04-14";2163;1.5;2383;2383;1292;88;9;0;0.0;1.1;0.4;0.0;0;0;0
1927972279;"South";"2016-04-15";980;0.68;2221;2221;941;51;0;0;0.0;0.68;0.0;0.0;0;0;0
1927972279;"North";"2016-04-16";0;0.0;2064;2064;1440;0;0;0;0.0;0.0;0.0;0.0;0;0;0
1927972279;"East";"2016-04-17";0;0.0;2063;2063;1440;0;0;0;0.0;0.0;0.0;0.0;0;0;0
1927972279;"North";"2016-04-18";244;0.17;2111;2111;1423;17;0;0;0.0;0.17;0.0;0.0;0;0;0
1927972279;"West";"2016-04-19";0;0.0;2063;2063;1440;0;0;0;0.0;0.0;0.0;0.0;0;0;0
1927972279;"South";"2016-04-20";0;0.0;2063;2063;1440;0;0;0;0.0;0.0;0.0;0.0;0;0;0
1927972279;"North";"2016-04-21";0;0.0;2064;2064;1440;0;0;0;0.0;0.0;0.0;0.0;0;0;0
1927972279;"East";"2016-04-22";149;0.1;2093;2093;1430;10;0;0;0.0;0.1;0.0;0.0;0;0;0
1927972279;"East";"2016-04-23";2945;2.04;2499;2499;1295;145;0;0;0.0;2.04;0.0;0.0;0;0;0
1927972279;"West";"2016-04-24";2090;1.45;2324;2324;1358;75;6;1;0.0;1.14;0.24;0.07;0;0;0
1927972279;"North";"2016-04-25";152;0.11;2100;2100;1303;12;0;0;0.0;0.11;0.0;0.0;0;0;0
1927972279;"East";"2016-04-26";3761;2.6;2638;2638;1058;192;0;0;0.0;2.6;0.0;0.0;0;0;0
1927972279;"West";"2016-04-27";0;0.0;2063;2063;1440;0;0;0;0.0;0.0;0.0;0.0;0;0;0
1927972279;"South";"2016-04-28";1675;1.16;2351;2351;1167;95;0;0;0.0;1.16;0.0;0.0;0;0;0
1927972279;"South";"2016-04-29";0;0.0;2063;2063;1440;0;0;0;0.0;0.0;0.0;0.0;0;0;0
1927972279;"North";"2016-04-30";0;0.0;2064;2064;1440;0;0;0;0.0;0.0;0.0;0.0;0;0;0
1927972279;"East";"2016-05-01";2704;1.87;2411;2411;1355;70;1;14;0.0;0.83;0.03;1.01;0;0;0
1927972279;"West";"2016-05-02";3790;2.62;2505;2505;1322;94;8;16;0.0;1.16;0.3;1.16;0;0;0
1927972279;"South";"2016-05-03";1326;0.92;2195;2195;1413;17;0;10;0.0;0.18;0.0;0.73;0;0;0
1927972279;"North";"2016-05-04";1786;1.24;2338;2338;1353;87;0;0;0.0;1.24;0.0;0.0;0;0;0
1927972279;"East";"2016-05-05";0;0.0;2063;2063;1440;0;0;0;0.0;0.0;0.0;0.0;0;0;0
1927972279;"North";"2016-05-06";2091;1.45;2383;2383;1332;108;0;0;0.0;1.45;0.0;0.0;0;0;0
1927972279;"East";"2016-05-07";1510;1.04;2229;2229;1392;48;0;0;0.0;1.04;0.0;0.0;0;0;0
1927972279;"West";"2016-05-08";0;0.0;2063;2063;1440;0;0;0;0.0;0.0;0.0;0.0;0;0;0
1927972279;"South";"2016-05-09";0;0.0;2063;2063;1440;0;0;0;0.0;0.0;0.0;0.0;0;0;0
1927972279;"West";"2016-05-10";0;0.0;2063;2063;1440;0;0;0;0.0;0.0;0.0;0.0;0;0;0
1927972279;"West";"2016-05-11";0;0.0;2063;2063;1440;0;0;0;0.0;0.0;0.0;0.0;0;0;0
1927972279;"South";"2016-05-12";0;0.0;1383;1383;966;0;0;0;0.0;0.0;0.0;0.0;0;0;0
2022484408;"North";"2016-05-13";11875;8.34;2390;2390;1157;227;14;42;0.0;4.26;0.77;3.31;0;0;0
2022484408;"East";"2016-04-13";12024;8.5;2601;2601;1100;292;5;43;0.0;5.41;0.1;2.99;0;0;0
2022484408;"West";"2016-04-14";10690;7.5;2312;2312;1148;257;3;32;0.0;4.82;0.21;2.48;0;0;0
2022484408;"West";"2016-04-15";11034;8.03;2525;2525;1122;282;9;27;0.0;5.78;0.31;1.94;0;0;0
2022484408;"South";"2016-04-16";10100;7.09;2177;2177;1237;151;11;41;0.0;3.39;0.55;3.15;0;0;0
2022484408;"North";"2016-04-17";15112;11.4;2782;2782;1052;331;29;28;0.0;6.88;0.66;3.87;0;0;0
2022484408;"East";"2016-04-18";14131;10.07;2770;2770;1078;311;3;48;0.0;6.3;0.12;3.64;0;0;0
2022484408;"West";"2016-04-19";11548;8.53;2489;2489;1152;250;7;31;0.0;5.0;0.24;3.29;0;0;0
2022484408;"West";"2016-04-20";15112;10.67;2897;2897;1053;276;63;48;0.0;5.4;1.93;3.34;0;0;0
2022484408;"South";"2016-04-21";12453;8.74;3158;3158;1028;255;53;104;0.0;4.31;1.11;3.33;0;0;0
2022484408;"South";"2016-04-22";12954;9.33;2638;2638;1105;273;10;52;0.0;4.47;0.42;4.43;0;0;0
2022484408;"North";"2016-04-23";6001;4.21;2069;2069;1191;249;0;0;0.0;4.21;0.0;0.0;0;0;0
2022484408;"East";"2016-04-24";13481;10.28;2529;2529;1161;216;26;37;0.0;4.58;1.15;4.55;0;0;0
2022484408;"West";"2016-04-25";11369;8.01;2470;2470;1171;217;8;44;0.0;4.46;0.22;3.33;0;0;0
2022484408;"East";"2016-04-26";10119;7.19;2793;2793;1086;275;24;55;0.0;5.11;0.66;1.43;0;0;0
2022484408;"West";"2016-04-27";10159;7.13;2463;2463;1119;282;20;19;0.0;5.12;0.97;1.04;0;0;0
2022484408;"South";"2016-04-28";10140;7.12;2296;2296;1123;291;20;6;0.0;5.39;1.33;0.41;0;0;0
2022484408;"South";"2016-04-29";10245;7.19;2611;2611;1098;281;40;21;0.0;5.5;1.21;0.48;0;0;0
2022484408;"North";"2016-04-30";18387;12.91;2732;2732;1043;361;23;13;0.0;10.57;1.4;0.94;0;0;0
2022484408;"East";"2016-01-05";10538;7.4;2380;2380;1142;245;28;25;0.0;4.5;0.96;1.94;0;0;0
2022484408;"West";"2016-02-05";10379;7.29;2473;2473;1119;277;8;36;0.0;4.33;0.34;2.61;0;0;0
2022484408;"South";"2016-03-05";12183;8.74;2752;2752;1104;250;14;72;0.0;4.28;0.46;3.99;0;0;0
2022484408;"North";"2016-04-05";11768;8.29;2649;2649;1105;272;27;36;0.0;4.85;0.93;2.51;0;0;0
2022484408;"East";"2016-05-05";11895;8.35;2609;2609;1112;253;20;55;0.0;4.7;0.86;2.79;0;0;0
2022484408;"North";"2016-06-05";10227;7.18;2498;2498;1104;295;17;24;0.0;4.64;0.67;1.87;0;0;0
2022484408;"West";"2016-07-05";6708;4.71;1995;1995;1269;149;2;20;0.0;3.02;0.08;1.61;0;0;0
2022484408;"South";"2016-08-05";3292;2.31;1848;1848;1305;135;0;0;0.0;2.31;0.0;0.0;0;0;0
2022484408;"North";"2016-09-05";13379;9.39;2709;2709;1061;297;47;35;0.0;5.64;1.63;2.12;0;0;0
2022484408;"East";"2016-10-05";12798;8.98;2797;2797;1084;271;28;57;0.0;5.56;1.21;2.22;0;0;0
2022484408;"East";"2016-11-05";13272;9.32;2544;2544;1133;224;25;58;0.0;3.99;1.15;4.18;0;0;0
2022484408;"West";"2016-12-05";9117;6.41;1853;1853;728;236;16;16;0.0;4.44;0.67;1.28;0;0;0
2026352035;"North";"2016-12-04";4414;2.74;1459;1459;706;181;8;3;0.0;2.2;0.35;0.19;0;0;0
2026352035;"East";"2016-04-13";4993;3.1;1521;1521;663;238;0;0;0.0;3.1;0.0;0.0;0;0;0
2026352035;"West";"2016-04-14";3335;2.07;1431;1431;653;197;0;0;0.0;2.05;0.0;0.0;0;0;0
2026352035;"South";"2016-04-15";3821;2.37;1444;1444;687;188;0;0;0.0;2.37;0.0;0.0;0;0;0
2026352035;"South";"2016-04-16";2547;1.58;1373;1373;728;150;0;0;0.0;1.58;0.0;0.0;0;0;0
2026352035;"North";"2016-04-17";838;0.52;1214;1214;1053;60;0;0;0.0;0.52;0.0;0.0;0;0;0
2026352035;"East";"2016-04-18";3325;2.06;1419;1419;1062;182;0;0;0.0;2.06;0.0;0.0;0;0;0
2026352035;"West";"2016-04-19";2424;1.5;1356;1356;785;141;0;0;0.0;1.5;0.0;0.0;0;0;0
2026352035;"South";"2016-04-20";7222;4.48;1667;1667;623;327;0;0;0.0;4.48;0.0;0.0;0;0;0
2026352035;"North";"2016-04-21";2467;1.53;1370;1370;749;153;0;0;0.0;1.53;0.0;0.0;0;0;0
2026352035;"East";"2016-04-22";2915;1.81;1399;1399;712;162;0;0;0.0;1.81;0.0;0.0;0;0;0
2026352035;"North";"2016-04-23";12357;7.71;1916;1916;458;432;0;0;0.0;7.71;0.0;0.0;0;0;0
2026352035;"East";"2016-04-24";3490;2.16;1401;1401;704;164;0;0;0.0;2.16;0.0;0.0;0;0;0
2026352035;"West";"2016-04-25";6017;3.73;1576;1576;821;260;0;0;0.0;3.73;0.0;0.0;0;0;0
2026352035;"South";"2016-04-26";5933;3.68;1595;1595;1018;288;0;0;0.0;3.68;0.0;0.0;0;0;0
2026352035;"West";"2016-04-27";6088;3.77;1593;1593;586;286;0;0;0.0;3.77;0.0;0.0;0;0;0
2026352035;"West";"2016-04-28";6375;3.95;1649;1649;626;331;0;0;0.0;3.95;0.0;0.0;0;0;0
2026352035;"South";"2016-04-29";7604;4.71;1692;1692;492;352;0;0;0.0;4.71;0.0;0.0;0;0;0
2026352035;"North";"2016-04-30";4729;2.93;1506;1506;594;233;0;0;0.0;2.93;0.0;0.0;0;0;0
2026352035;"East";"2016-01-05";3609;2.28;1447;1447;716;191;0;0;0.0;2.28;0.0;0.0;0;0;0
2026352035;"West";"2016-02-05";7018;4.35;1690;1690;716;355;0;0;0.0;4.35;0.0;0.0;0;0;0
2026352035;"West";"2016-03-05";5992;3.72;1604;1604;981;304;0;0;0.0;3.72;0.0;0.0;0;0;0
2026352035;"South";"2016-04-05";6564;4.07;1658;1658;530;345;0;0;0.0;4.07;0.0;0.0;0;0;0
2026352035;"North";"2016-05-05";12167;7.54;1926;1926;479;475;0;0;0.0;7.54;0.0;0.0;0;0;0
2026352035;"East";"2016-06-05";8198;5.08;1736;1736;511;383;0;0;0.0;5.08;0.0;0.0;0;0;0
2026352035;"West";"2016-07-05";4193;2.6;1491;1491;665;229;0;0;0.0;2.6;0.0;0.0;0;0;0
2026352035;"West";"2016-08-05";5528;3.45;1555;1555;610;258;0;0;0.0;3.45;0.0;0.0;0;0;0
2026352035;"South";"2016-09-05";10685;6.62;1869;1869;543;401;0;0;0.0;6.6;0.0;0.0;0;0;0
2026352035;"South";"2016-10-05";254;0.16;1141;1141;1002;17;0;0;0.0;0.16;0.0;0.0;0;0;0
2026352035;"North";"2016-11-05";8580;5.32;1698;1698;569;330;0;0;0.0;5.32;0.0;0.0;0;0;0
2026352035;"East";"2016-12-05";8891;5.51;1364;1364;330;343;0;0;0.0;5.51;0.0;0.0;0;0;0
2320127002;"West";"2016-12-04";10725;7.49;2124;2124;1112;306;9;13;0.0;6.01;0.31;1.17;0;0;0
2320127002;"East";"2016-04-13";7275;4.9;2003;2003;1105;335;0;0;0.0;4.9;0.0;0.0;0;0;0
2320127002;"West";"2016-04-14";3973;2.68;1696;1696;1249;191;0;0;0.0;2.68;0.0;0.0;0;0;0
2320127002;"South";"2016-04-15";5205;3.51;1801;1801;1195;245;0;0;0.0;3.51;0.0;0.0;0;0;0
2320127002;"South";"2016-04-16";5057;3.41;1724;1724;1245;195;0;0;0.0;3.4;0.0;0.0;0;0;0
2320127002;"North";"2016-04-17";6198;4.18;1852;1852;1191;249;0;0;0.0;4.18;0.0;0.0;0;0;0
2320127002;"East";"2016-04-18";6559;4.42;1905;1905;1173;260;7;0;0.0;4.14;0.26;0.0;0;0;0
2320127002;"West";"2016-04-19";5997;4.04;1811;1811;1201;228;11;0;0.0;3.66;0.38;0.0;0;0;0
2320127002;"South";"2016-04-20";7192;4.85;1922;1922;1146;283;11;0;0.0;4.34;0.49;0.0;0;0;0
2320127002;"North";"2016-04-21";3404;2.29;1610;1610;1302;127;10;1;0.0;1.81;0.42;0.06;0;0;0
2320127002;"East";"2016-04-22";5583;3.76;1851;1851;1174;266;0;0;0.0;3.76;0.0;0.0;0;0;0
2320127002;"North";"2016-04-23";5079;3.42;1804;1804;1129;242;0;0;0.0;3.42;0.0;0.0;0;0;0
2320127002;"West";"2016-04-24";4165;2.81;1725;1725;1236;204;0;0;0.0;2.8;0.0;0.0;0;0;0
2320127002;"South";"2016-04-25";3588;2.42;1654;1654;1280;152;5;3;0.0;1.99;0.2;0.23;0;0;0
2320127002;"North";"2016-04-26";3409;2.3;1632;1632;1293;147;0;0;0.0;2.3;0.0;0.0;0;0;0
2320127002;"East";"2016-04-27";1715;1.16;1481;1481;1358;82;0;0;0.0;1.16;0.0;0.0;0;0;0
2320127002;"East";"2016-04-28";1532;1.03;1473;1473;1364;76;0;0;0.0;1.03;0.0;0.0;0;0;0
2320127002;"West";"2016-04-29";924;0.62;1410;1410;1395;45;0;0;0.0;0.62;0.0;0.0;0;0;0
2320127002;"North";"2016-04-30";4571;3.08;1779;1779;1206;234;0;0;0.0;3.07;0.0;0.0;0;0;0
2320127002;"East";"2016-01-05";772;0.52;1403;1403;1400;40;0;0;0.0;0.52;0.0;0.0;0;0;0
2320127002;"West";"2016-02-05";3634;2.45;1613;1613;1306;123;6;5;0.0;1.88;0.21;0.36;0;0;0
2320127002;"South";"2016-03-05";7443;5.02;1878;1878;1204;206;10;20;0.0;3.16;0.37;1.49;0;0;0
2320127002;"South";"2016-04-05";1201;0.81;1426;1426;1388;52;0;0;0.0;0.81;0.0;0.0;0;0;0
2320127002;"North";"2016-05-05";5202;3.51;1780;1780;1206;223;11;0;0.0;3.11;0.39;0.0;0;0;0
2320127002;"East";"2016-06-05";4878;3.29;1742;1742;1236;204;0;0;0.0;3.29;0.0;0.0;0;0;0
2320127002;"West";"2016-07-05";7379;4.97;1972;1972;1121;319;0;0;0.0;4.97;0.0;0.0;0;0;0
2320127002;"South";"2016-08-05";5161;3.48;1821;1821;1193;247;0;0;0.0;3.47;0.0;0.0;0;0;0
2320127002;"North";"2016-09-05";3090;2.08;1630;1630;1295;145;0;0;0.0;2.08;0.0;0.0;0;0;0
2320127002;"East";"2016-10-05";6227;4.2;1899;1899;1150;290;0;0;0.0;4.2;0.0;0.0;0;0;0
2320127002;"North";"2016-11-05";6424;4.33;1903;1903;1140;300;0;0;0.0;4.33;0.0;0.0;0;0;0
2320127002;"East";"2016-12-05";2661;1.79;1125;1125;830;128;0;0;0.0;1.79;0.0;0.0;0;0;0
2347167796;"West";"2016-12-04";10113;6.83;2344;2344;964;320;13;28;0.0;4.2;0.62;2.0;0;0;0
2347167796;"South";"2016-04-13";10352;7.01;2038;2038;676;195;32;19;0.0;3.41;1.94;1.66;0;0;0
2347167796;"West";"2016-04-14";10129;6.7;2010;2010;705;206;48;1;0.0;3.94;2.74;0.02;0;0;0
2347167796;"West";"2016-04-15";10465;6.92;2133;2133;720;284;24;1;0.0;5.43;1.42;0.07;0;0;0
2347167796;"South";"2016-04-16";22244;15.08;2670;2670;968;268;72;66;0.0;5.53;4.1;5.45;0;0;0
2347167796;"North";"2016-04-17";5472;3.62;1882;1882;508;249;7;1;0.0;3.26;0.28;0.08;0;0;0
2347167796;"East";"2016-04-18";8247;5.45;1944;1944;678;206;16;11;0.0;3.79;0.86;0.79;0;0;0
2347167796;"West";"2016-04-19";6711;4.44;2346;2346;648;382;7;0;0.0;4.44;0.0;0.0;0;0;0
2347167796;"West";"2016-04-20";10999;7.27;2198;2198;1011;269;43;11;0.0;4.78;1.81;0.68;0;0;0
2347167796;"South";"2016-04-21";10080;6.75;2048;2048;761;208;26;23;0.0;3.38;1.53;1.85;0;0;0
2347167796;"North";"2016-04-22";7804;5.16;1946;1946;781;206;27;9;0.0;2.92;1.68;0.56;0;0;0
2347167796;"East";"2016-04-23";16901;11.37;2629;2629;591;360;35;32;0.0;7.15;1.45;2.78;0;0;0
2347167796;"West";"2016-04-24";9471;6.26;2187;2187;584;360;0;0;0.0;6.26;0.0;0.0;0;0;0
2347167796;"West";"2016-04-25";9482;6.38;2095;2095;653;277;11;15;0.0;4.6;0.52;1.27;0;0;0
2347167796;"South";"2016-04-26";5980;3.95;1861;1861;732;227;0;0;0.0;3.95;0.0;0.0;0;0;0
2347167796;"South";"2016-04-27";11423;7.58;2194;2194;623;295;9;26;0.0;5.32;0.4;1.86;0;0;0
2347167796;"North";"2016-04-28";5439;3.6;1854;1854;764;229;0;0;0.0;3.6;0.0;0.0;0;0;0
2347167796;"East";"2016-04-29";42;0.03;403;403;2;4;0;0;0.0;0.03;0.0;0.0;0;0;0
2873212765;"West";"2016-04-30";8796;5.91;1982;1830;1167;248;20;5;0.01;4.26;1.08;0.33;0;0;0
2873212765;"West";"2016-04-30";8796;5.91;1982;1830;1061;356;21;2;0.0;4.88;0.93;0.11;0;0;0
2873212765;"West";"2016-04-30";8796;5.91;1982;1982;1167;248;20;5;0.01;4.26;1.08;0.33;0;0;0
2873212765;"West";"2016-04-30";8796;5.91;1982;1982;1061;356;21;2;0.0;4.88;0.93;0.11;0;0;0
2873212765;"East";"2016-04-13";7618;5.12;2004;2004;1028;404;8;0;0.02;4.88;0.22;0.0;0;0;0
2873212765;"West";"2016-04-14";7910;5.32;1893;1893;1109;331;0;0;0.0;5.32;0.0;0.0;0;0;0
2873212765;"South";"2016-04-15";8482;5.7;2063;2063;992;448;0;0;0.01;5.69;0.0;0.0;0;0;0
2873212765;"South";"2016-04-16";9685;6.65;2148;2148;1087;305;1;47;0.01;3.51;0.02;3.11;0;0;0
2873212765;"North";"2016-04-17";2524;1.7;1529;1529;1272;160;8;0;0.0;1.34;0.35;0.0;0;0;0
2873212765;"East";"2016-04-18";7762;5.24;1890;1890;1122;311;6;1;0.0;4.89;0.28;0.07;0;0;0
2873212765;"West";"2016-04-19";7948;5.37;1956;1956;1051;389;0;0;0.0;5.36;0.0;0.0;0;0;0
2873212765;"South";"2016-04-20";9202;6.3;2094;2094;1035;378;5;22;0.01;4.66;0.12;1.51;0;0;0
2873212765;"North";"2016-04-21";8859;5.98;1970;1970;1057;371;10;2;0.01;5.47;0.37;0.13;0;0;0
2873212765;"East";"2016-04-22";7286;4.9;2241;2241;1028;366;0;46;0.02;4.42;0.0;0.46;0;0;0
2873212765;"North";"2016-04-23";9317;6.35;2021;2021;1077;330;5;28;0.01;4.02;0.23;2.09;0;0;0
2873212765;"West";"2016-04-24";6873;4.68;1898;1898;1203;190;1;46;0.0;1.62;0.06;3.0;0;0;0
2873212765;"South";"2016-04-25";7373;4.95;1907;1907;1081;359;0;0;0.0;4.95;0.0;0.0;0;0;0
2873212765;"North";"2016-04-26";8242;5.54;1882;1882;1124;309;5;2;0.0;5.24;0.18;0.12;0;0;0
2873212765;"East";"2016-04-27";3516;2.36;1966;1966;1197;197;0;46;0.0;2.36;0.0;0.0;0;0;0
2873212765;"East";"2016-04-28";7913;5.41;1835;1835;1192;213;7;28;0.0;2.91;0.34;2.16;0;0;0
2873212765;"West";"2016-04-29";7365;4.95;1780;1780;1191;206;23;20;0.0;2.18;1.41;1.36;0;0;0
2873212765;"North";"2016-04-30";8452;5.68;1830;1830;1167;248;20;5;0.01;4.26;1.08;0.33;0;0;0
2873212765;"North";"2016-04-30";8452;5.68;1830;1830;1061;356;21;2;0.0;4.88;0.93;0.11;0;0;0
2873212765;"North";"2016-04-30";8452;5.68;1830;1982;1167;248;20;5;0.01;4.26;1.08;0.33;0;0;0
2873212765;"North";"2016-04-30";8452;5.68;1830;1982;1061;356;21;2;0.0;4.88;0.93;0.11;0;0;0
2873212765;"East";"2016-01-05";7399;4.97;1739;1739;1219;196;18;7;0.0;3.44;1.04;0.49;0;0;0
2873212765;"West";"2016-02-05";7525;5.06;1878;1878;1099;334;7;0;0.02;4.83;0.21;0.0;0;0;0
2873212765;"South";"2016-03-05";7412;4.98;1906;1906;1070;363;6;1;0.01;4.66;0.25;0.06;0;0;0
2873212765;"South";"2016-04-05";8278;5.56;2015;2015;1020;420;0;0;0.0;5.56;0.0;0.0;0;0;0
2873212765;"North";"2016-05-05";8314;5.61;1971;1971;1093;311;23;13;0.0;4.03;0.8;0.78;0;0;0
2873212765;"East";"2016-06-05";7063;4.75;1910;1910;1065;370;5;0;0.01;4.61;0.12;0.0;0;0;0
2873212765;"West";"2016-07-05";4940;3.38;1897;1897;1302;52;11;75;0.0;0.55;0.55;2.28;0;0;0
2873212765;"South";"2016-08-05";8168;5.54;2096;2096;1068;326;0;46;0.0;2.64;0.0;2.9;0;0;0
2873212765;"North";"2016-09-05";7726;5.19;1906;1906;1095;345;0;0;0.0;5.19;0.0;0.0;0;0;0
2873212765;"East";"2016-10-05";8275;5.56;1962;1962;1067;373;0;0;0.01;5.55;0.0;0.0;0;0;0
2873212765;"North";"2016-11-05";6440;4.33;1826;1826;1121;319;0;0;0.01;4.32;0.0;0.0;0;0;0
2873212765;"East";"2016-12-05";7566;5.11;1431;1431;720;268;0;0;0.0;5.11;0.0;0.0;0;0;0
3372868164;"West";"2016-12-04";4747;3.24;1788;1788;1160;280;0;0;0.01;3.23;0.0;0.0;0;0;0
3372868164;"South";"2016-04-13";9715;6.63;2093;2093;1045;371;8;16;0.02;5.27;0.34;0.99;0;0;0
3372868164;"West";"2016-04-14";8844;6.03;2065;2065;1039;370;25;6;0.01;4.65;1.03;0.34;0;0;0
3372868164;"West";"2016-04-15";7451;5.08;1908;1908;1105;335;0;0;0.02;5.06;0.0;0.0;0;0;0
3372868164;"South";"2016-04-16";6905;4.73;1908;1908;1084;356;0;0;0.03;4.7;0.0;0.0;0;0;0
3372868164;"North";"2016-04-17";8199;5.88;1964;1964;1105;322;2;11;0.01;4.36;0.1;1.41;0;0;0
3372868164;"East";"2016-04-18";6798;4.64;2014;2014;1070;343;7;20;0.0;3.35;0.2;1.08;0;0;0
3372868164;"West";"2016-04-19";7711;5.26;1985;1985;1064;376;0;0;0.02;5.24;0.0;0.0;0;0;0
3372868164;"West";"2016-04-20";4880;3.33;1867;1867;1148;274;3;15;0.02;2.38;0.09;0.84;0;0;0
3372868164;"South";"2016-04-21";8857;6.07;2124;2124;1037;376;9;18;0.01;4.64;0.26;1.15;0;0;0
3372868164;"North";"2016-04-22";3843;2.62;1669;1669;1234;206;0;0;0.01;2.61;0.0;0.0;0;0;0
3372868164;"East";"2016-04-23";7396;5.07;1995;1995;1115;303;2;20;0.0;3.58;0.08;1.4;0;0;0
3372868164;"West";"2016-04-24";6731;4.59;1921;1921;1127;292;7;14;0.02;3.49;0.19;0.89;0;0;0
3372868164;"West";"2016-04-25";5995;4.09;2010;2010;1024;416;0;0;0.0;4.09;0.0;0.0;0;0;0
3372868164;"South";"2016-04-26";8283;5.79;2057;2057;1083;333;2;22;0.01;3.87;0.05;1.85;0;0;0
3372868164;"South";"2016-04-27";7904;5.42;2095;2095;1057;346;13;24;0.01;3.19;0.63;1.58;0;0;0
3372868164;"North";"2016-04-28";5512;3.76;1972;1972;1055;385;0;0;0.0;3.76;0.0;0.0;0;0;0
3372868164;"East";"2016-04-29";9135;6.23;2044;2044;1038;402;0;0;0.01;6.22;0.0;0.0;0;0;0
3372868164;"West";"2016-04-30";5250;3.58;1946;1946;1119;300;4;17;0.01;2.42;0.09;1.06;0;0;0
3372868164;"East";"2016-01-05";3077;2.1;1237;1237;842;172;0;0;0.0;2.09;0.0;0.0;0;0;0
3977333714;"West";"2016-12-04";8856;5.98;1450;1450;777;131;19;44;0.0;2.01;0.91;3.06;0;0;0
3977333714;"South";"2016-04-13";10035;6.71;1495;1495;754;153;46;31;0.0;2.55;2.13;2.03;0;0;0
3977333714;"South";"2016-04-14";7641;5.11;1433;1433;801;214;23;5;0.0;3.82;0.97;0.32;0;0;0
3977333714;"North";"2016-04-15";9010;6.06;1468;1468;644;183;42;15;0.0;3.26;1.75;1.05;0;0;0
3977333714;"East";"2016-04-16";13459;9.0;1625;1625;663;153;83;31;0.0;2.97;4.0;2.03;0;0;0
3977333714;"West";"2016-04-17";10415;6.97;1529;1529;600;205;58;11;0.0;3.92;2.35;0.7;0;0;0
3977333714;"South";"2016-04-18";11663;7.8;1584;1584;605;214;95;4;0.0;3.82;3.73;0.25;0;0;0
3977333714;"North";"2016-04-19";12414;8.78;1638;1638;738;221;67;19;0.0;3.96;2.45;2.24;0;0;0
3977333714;"East";"2016-04-20";11658;7.83;1554;1554;845;164;98;2;0.0;3.28;4.35;0.2;0;0;0
3977333714;"North";"2016-04-21";6093;4.08;1397;1397;712;242;0;0;0.0;4.06;0.0;0.0;0;0;0
3977333714;"West";"2016-04-22";8911;5.96;1481;1481;731;188;12;33;0.0;3.06;0.58;2.33;0;0;0
3977333714;"South";"2016-04-23";12058;8.07;1638;1638;724;252;92;0;0.0;3.85;4.22;0.0;0;0;0
3977333714;"North";"2016-04-24";14112;10.0;1655;1655;660;129;95;30;0.0;2.17;4.56;3.27;0;0;0
3977333714;"East";"2016-04-25";11177;8.48;1570;1570;781;133;9;50;0.0;2.41;0.43;5.62;0;0;0
3977333714;"East";"2016-04-26";11388;7.62;1551;1551;797;170;95;7;0.0;2.95;4.22;0.45;0;0;0
3977333714;"West";"2016-04-27";7193;5.04;1377;1377;714;176;10;0;0.0;4.62;0.42;0.0;0;0;0
3977333714;"North";"2016-04-28";7114;4.88;1407;1407;804;190;8;15;0.0;3.22;0.29;1.37;0;0;0
3977333714;"East";"2016-04-29";10645;7.75;1545;1545;744;150;32;36;0.0;2.71;1.3;3.74;0;0;0
3977333714;"West";"2016-04-30";13238;9.2;1650;1650;687;194;52;43;0.0;3.41;2.1;3.69;0;0;0
3977333714;"South";"2016-01-05";10414;7.07;1501;1501;691;124;40;41;0.0;2.41;1.98;2.67;0;0;0
3977333714;"South";"2016-02-05";16520;11.05;1760;1760;713;176;143;24;0.0;3.02;6.48;1.54;0;0;0
3977333714;"North";"2016-03-05";14335;9.59;1710;1710;594;258;41;47;0.0;4.53;1.74;3.32;0;0;0
3977333714;"East";"2016-04-05";13559;9.44;1628;1628;852;142;96;14;0.0;2.89;4.58;1.81;0;0;0
3977333714;"West";"2016-05-05";12312;8.58;1618;1618;680;178;88;14;0.0;2.71;4.11;1.76;0;0;0
3977333714;"South";"2016-06-05";11677;8.28;1590;1590;676;168;55;29;0.0;2.67;2.51;3.11;0;0;0
3977333714;"North";"2016-07-05";11550;7.73;1574;1574;703;208;86;0;0.0;3.59;4.13;0.0;0;0;0
3977333714;"East";"2016-08-05";13585;9.09;1633;1633;688;171;116;9;0.0;3.17;5.24;0.68;0;0;0
3977333714;"North";"2016-09-05";14687;10.08;1667;1667;1159;151;122;8;0.0;3.55;5.6;0.77;0;0;0
3977333714;"East";"2016-10-05";13072;8.78;1630;1630;676;196;115;1;0.0;3.31;5.4;0.07;0;0;0
3977333714;"West";"2016-11-05";746;0.5;52;52;13;9;0;4;0.0;0.13;0.0;0.37;0;0;0
4020332650;"South";"2016-12-04";8539;6.12;3654;3654;712;331;15;4;0.0;5.68;0.24;0.15;0;0;0
4020332650;"West";"2016-04-13";0;0.0;1981;1981;1440;0;0;0;0.0;0.0;0.0;0.0;0;0;0
4020332650;"West";"2016-04-14";108;0.08;2011;2011;1437;3;0;0;0.0;0.03;0.0;0.0;0;0;0
4020332650;"South";"2016-04-15";1882;1.35;2951;2951;1299;87;18;36;0.0;0.77;0.36;0.21;0;0;0
4020332650;"North";"2016-04-16";1982;1.42;3051;3051;1222;55;21;65;0.0;0.59;0.37;0.45;0;0;0
4020332650;"East";"2016-04-17";16;0.01;1990;1990;1438;2;0;0;0.0;0.01;0.0;0.0;0;0;0
4020332650;"West";"2016-04-18";62;0.04;1995;1995;1438;2;0;0;0.0;0.04;0.0;0.0;0;0;0
4020332650;"West";"2016-04-19";0;0.0;1980;1980;1440;0;0;0;0.0;0.0;0.0;0.0;0;0;0
4020332650;"South";"2016-04-20";0;0.0;1980;1980;1440;0;0;0;0.0;0.0;0.0;0.0;0;0;0
4020332650;"North";"2016-04-21";0;0.0;1980;1980;1440;0;0;0;0.0;0.0;0.0;0.0;0;0;0
4020332650;"East";"2016-04-22";0;0.0;1980;1980;1440;0;0;0;0.0;0.0;0.0;0.0;0;0;0
4020332650;"West";"2016-04-23";0;0.0;1980;1980;1440;0;0;0;0.0;0.0;0.0;0.0;0;0;0
4020332650;"West";"2016-04-24";0;0.0;1980;1980;1440;0;0;0;0.0;0.0;0.0;0.0;0;0;0
4020332650;"South";"2016-04-25";0;0.0;1980;1980;1440;0;0;0;0.0;0.0;0.0;0.0;0;0;0
4020332650;"South";"2016-04-26";0;0.0;1980;1980;1440;0;0;0;0.0;0.0;0.0;0.0;0;0;0
4020332650;"North";"2016-04-27";0;0.0;1980;1980;1440;0;0;0;0.0;0.0;0.0;0.0;0;0;0
4020332650;"East";"2016-04-28";0;0.0;1980;1980;1440;0;0;0;0.0;0.0;0.0;0.0;0;0;0
4020332650;"West";"2016-04-29";0;0.0;1980;1980;1440;0;0;0;0.0;0.0;0.0;0.0;0;0;0
4020332650;"East";"2016-04-30";0;0.0;1980;1980;1440;0;0;0;0.0;0.0;0.0;0.0;0;0;0
4020332650;"West";"2016-01-05";0;0.0;1980;1980;1440;0;0;0;0.0;0.0;0.0;0.0;0;0;0
4020332650;"South";"2016-02-05";475;0.34;2207;2207;1350;31;11;0;0.0;0.29;0.04;0.0;0;0;0
4020332650;"South";"2016-03-05";4496;3.22;2828;2828;950;174;0;0;0.05;3.15;0.0;0.0;0;0;0
4020332650;"North";"2016-04-05";10252;7.35;3879;3879;531;346;46;13;0.0;5.58;1.04;0.67;0;0;0
4020332650;"East";"2016-05-05";11728;8.43;3429;3429;916;196;42;38;0.07;4.04;1.68;2.62;0;0;0
4020332650;"West";"2016-06-05";4369;3.13;2704;2704;855;177;0;0;0.01;3.1;0.0;0.0;0;0;0
4020332650;"South";"2016-07-05";6132;4.4;2975;2975;1256;184;0;0;0.0;3.58;0.0;0.0;0;0;0
4020332650;"North";"2016-08-05";5862;4.2;3089;3089;775;263;0;0;0.0;4.15;0.0;0.0;0;0;0
4020332650;"East";"2016-09-05";4556;3.27;2785;2785;1225;173;5;3;0.0;2.94;0.12;0.2;0;0;0
4020332650;"North";"2016-10-05";5546;3.98;2926;2926;774;206;0;0;0.04;3.87;0.0;0.0;0;0;0
4020332650;"West";"2016-11-05";3689;2.65;2645;2645;1296;134;8;2;0.0;2.33;0.17;0.11;0;0;0
4020332650;"South";"2016-12-05";590;0.42;1120;1120;721;21;0;0;0.0;0.41;0.0;0.0;0;0;0
4057192912;"North";"2016-12-04";5394;4.03;2286;2286;1276;164;0;0;0.0;3.94;0.0;0.0;0;0;0
4057192912;"East";"2016-04-13";5974;4.47;2306;2306;1280;160;0;0;0.0;4.37;0.0;0.0;0;0;0
4057192912;"East";"2016-04-14";0;0.0;1776;1776;1440;0;0;0;0.0;0.0;0.0;0.0;0;0;0
4057192912;"West";"2016-04-15";3984;2.95;1527;1527;873;88;6;3;0.0;2.44;0.26;0.21;0;0;0
4319703577;"North";"2016-12-04";7753;5.2;2115;2115;1440;0;0;0;0.0;0.0;0.0;0.0;0;0;0
4319703577;"East";"2016-04-13";8204;5.5;2135;2135;1234;96;15;8;0.0;1.31;0.59;0.53;0;0;0
4319703577;"West";"2016-04-14";10210;6.88;2302;2302;589;339;9;1;0.0;6.44;0.33;0.11;0;0;0
4319703577;"South";"2016-04-15";5664;3.8;1985;1985;752;228;0;0;0.0;3.8;0.0;0.0;0;0;0
4319703577;"South";"2016-04-16";4744;3.18;1884;1884;724;194;0;0;0.0;3.18;0.0;0.0;0;0;0
4319703577;"North";"2016-04-17";29;0.02;1464;1464;1363;3;0;0;0.0;0.02;0.0;0.0;0;0;0
4319703577;"East";"2016-04-18";2276;1.55;1632;1632;824;58;9;1;0.0;1.12;0.33;0.07;0;0;0
4319703577;"West";"2016-04-19";8925;5.99;2200;2200;604;311;0;0;0.0;5.99;0.0;0.0;0;0;0
4319703577;"South";"2016-04-20";8954;6.01;2220;2220;671;306;18;0;0.0;5.31;0.68;0.0;0;0;0
4319703577;"North";"2016-04-21";3702;2.48;1792;1792;1265;34;0;0;0.0;0.35;0.0;0.0;0;0;0
4319703577;"East";"2016-04-22";4500;3.02;1886;1886;709;176;19;1;0.0;2.15;0.81;0.06;0;0;0
4319703577;"North";"2016-04-23";4935;3.31;1945;1945;546;233;0;0;0.0;3.31;0.0;0.0;0;0;0
4319703577;"East";"2016-04-24";4081;2.74;1880;1880;692;191;5;1;0.0;2.47;0.2;0.06;0;0;0
4319703577;"West";"2016-04-25";9259;6.21;2314;2314;544;390;8;0;0.0;5.93;0.28;0.0;0;0;0
4319703577;"South";"2016-04-26";9899;6.64;2236;2236;649;288;21;8;0.0;5.15;0.92;0.57;0;0;0
4319703577;"West";"2016-04-27";10780;7.23;2324;2324;680;300;47;6;0.0;4.91;1.92;0.41;0;0;0
4319703577;"West";"2016-04-28";10817;7.28;2367;2367;552;359;8;13;0.0;5.94;0.33;1.01;0;0;0
4319703577;"South";"2016-04-29";7990;5.36;2175;2175;624;289;18;6;0.0;4.12;0.79;0.45;0;0;0
4319703577;"North";"2016-04-30";8221;5.52;2092;2092;695;196;38;6;0.0;3.51;1.61;0.4;0;0;0
4319703577;"East";"2016-01-05";1251;0.84;1593;1593;836;67;0;0;0.0;0.84;0.0;0.0;0;0;0
4319703577;"West";"2016-02-05";9261;6.24;2270;2270;585;344;11;0;0.0;5.71;0.44;0.0;0;0;0
4319703577;"West";"2016-03-05";9648;6.47;2235;2235;669;287;26;8;0.0;4.83;1.07;0.58;0;0;0
4319703577;"South";"2016-04-05";10429;7.02;2282;2282;1106;313;13;8;0.0;5.85;0.58;0.59;0;0;0
4319703577;"North";"2016-05-05";13658;9.49;2530;2530;957;328;34;27;0.0;5.45;1.41;2.63;0;0;0
4319703577;"East";"2016-06-05";9524;6.42;2266;2266;692;314;11;6;0.0;5.46;0.47;0.41;0;0;0
4319703577;"West";"2016-07-05";7937;5.33;2158;2158;586;279;28;3;0.0;4.08;1.05;0.19;0;0;0
4319703577;"West";"2016-08-05";3672;2.46;1792;1792;603;153;0;0;0.0;2.46;0.0;0.0;0;0;0
4319703577;"South";"2016-09-05";10378;6.96;2345;2345;490;374;14;2;0.0;6.25;0.56;0.14;0;0;0
4319703577;"South";"2016-10-05";9487;6.37;2260;2260;555;329;12;3;0.0;5.7;0.46;0.21;0;0;0
4319703577;"North";"2016-11-05";9129;6.13;2232;2232;574;311;18;3;0.0;5.18;0.74;0.2;0;0;0
4319703577;"East";"2016-12-05";17;0.01;257;257;0;2;0;0;0.0;0.01;0.0;0.0;0;0;0
4388161847;"West";"2016-12-04";10122;7.78;2955;2955;1440;0;0;0;0.0;0.0;0.0;0.0;0;0;0
4388161847;"East";"2016-04-13";10993;8.45;3092;3092;1275;150;14;1;0.0;3.88;0.63;0.06;0;0;0
4388161847;"West";"2016-04-14";8863;6.82;2998;2998;945;219;35;10;0.0;5.62;1.07;0.13;0;0;0
4388161847;"South";"2016-04-15";8758;6.73;3066;3066;837;299;0;0;0.0;6.73;0.0;0.0;0;0;0
4388161847;"South";"2016-04-16";6580;5.06;3073;3073;609;253;9;6;0.0;4.45;0.4;0.21;0;0;0
4388161847;"North";"2016-04-17";4660;3.58;2572;2572;721;201;0;0;0.0;3.58;0.0;0.0;0;0;0
4388161847;"East";"2016-04-18";11009;9.1;3274;3274;1017;239;8;27;0.0;5.14;0.4;3.56;0;0;0
4388161847;"West";"2016-04-19";10181;7.83;3015;3015;704;249;16;20;0.0;5.77;0.69;1.37;0;0;0
4388161847;"South";"2016-04-20";10553;8.12;3083;3083;696;228;42;19;0.0;5.29;1.72;1.1;0;0;0
4388161847;"North";"2016-04-21";10055;7.73;3069;3069;853;272;12;7;0.0;6.98;0.39;0.37;0;0;0
4388161847;"East";"2016-04-22";12139;9.34;3544;3544;945;220;25;77;0.0;4.92;1.11;3.3;0;0;0
4388161847;"North";"2016-04-23";13236;10.18;3306;3306;749;215;5;58;0.0;5.35;0.32;4.5;0;0;0
4388161847;"West";"2016-04-24";10243;7.88;2885;2885;584;239;8;14;0.0;6.3;0.51;1.08;0;0;0
4388161847;"South";"2016-04-25";12961;9.97;3288;3288;1054;301;31;11;0.0;7.84;1.4;0.73;0;0;0
4388161847;"North";"2016-04-26";9461;7.28;2929;2929;673;224;23;14;0.0;5.27;1.06;0.94;0;0;0
4388161847;"East";"2016-04-27";11193;8.61;3074;3074;684;241;48;11;0.0;5.39;2.51;0.7;0;0;0
4388161847;"East";"2016-04-28";10074;7.75;2969;2969;878;234;9;19;0.0;6.03;0.43;1.29;0;0;0
4388161847;"West";"2016-04-29";9232;7.1;2979;2979;1175;236;16;13;0.0;5.42;0.89;0.8;0;0;0
4388161847;"North";"2016-04-30";12533;9.64;3283;3283;537;300;43;14;0.0;6.94;2.0;0.7;0;0;0
4388161847;"East";"2016-01-05";10255;7.89;2926;2926;579;241;15;12;0.0;6.2;0.68;1.01;0;0;0
4388161847;"West";"2016-02-05";10096;8.4;3147;3147;935;204;4;33;0.0;4.55;0.08;3.77;0;0;0
4388161847;"South";"2016-03-05";12727;9.79;3290;3290;984;306;18;18;0.0;7.88;0.78;1.13;0;0;0
4388161847;"South";"2016-04-05";12375;9.52;3162;3162;632;251;21;35;0.0;5.8;0.93;2.79;0;0;0
4388161847;"North";"2016-05-05";9603;7.38;2899;2899;896;199;39;12;0.0;5.09;1.67;0.63;0;0;0
4388161847;"East";"2016-06-05";13175;10.13;3425;3425;1100;262;45;33;0.0;5.93;2.09;2.11;0;0;0
4388161847;"West";"2016-07-05";22770;17.54;4022;4022;508;260;56;120;0.0;5.33;2.77;9.45;0;0;0
4388161847;"South";"2016-08-05";17298;14.38;3934;3934;576;178;38;107;0.0;3.23;1.26;9.89;0;0;0
4388161847;"North";"2016-09-05";10218;7.86;3013;3013;1020;258;19;6;0.0;6.79;0.73;0.34;0;0;0
4388161847;"East";"2016-10-05";10299;7.92;3061;3061;648;267;14;13;0.0;6.46;0.65;0.81;0;0;0
4388161847;"North";"2016-11-05";10201;7.84;2954;2954;858;256;18;8;0.0;6.53;0.79;0.53;0;0;0
4388161847;"East";"2016-12-05";3369;2.59;1623;1623;825;108;0;0;0.0;2.59;0.0;0.0;0;0;0
4445114986;"West";"2016-12-04";3276;2.2;2113;2113;787;196;0;0;0.0;2.2;0.0;0.0;0;0;0
4445114986;"South";"2016-04-13";2961;1.99;2095;2095;840;194;0;0;0.0;1.99;0.0;0.0;0;0;0
4445114986;"West";"2016-04-14";3974;2.67;2194;2194;717;231;0;0;0.0;2.67;0.0;0.0;0;0;0
4445114986;"West";"2016-04-15";7198;4.83;2496;2496;711;350;0;0;0.0;4.83;0.0;0.0;0;0;0
4445114986;"South";"2016-04-16";3945;2.65;2180;2180;716;225;0;0;0.0;2.65;0.0;0.0;0;0;0
4445114986;"North";"2016-04-17";2268;1.52;1933;1933;1219;114;0;0;0.0;1.52;0.0;0.0;0;0;0
4445114986;"East";"2016-04-18";6155;4.24;2248;2248;1247;162;6;25;0.0;1.95;0.29;2.0;0;0;0
4445114986;"West";"2016-04-19";2064;1.39;1954;1954;895;121;0;0;0.0;1.39;0.0;0.0;0;0;0
4445114986;"West";"2016-04-20";2072;1.39;1974;1974;841;137;0;0;0.0;1.39;0.0;0.0;0;0;0
4445114986;"South";"2016-04-21";3809;2.56;2150;2150;756;215;0;0;0.0;2.54;0.0;0.0;0;0;0
4445114986;"North";"2016-04-22";6831;4.58;2432;2432;706;317;0;0;0.0;4.58;0.0;0.0;0;0;0
4445114986;"East";"2016-04-23";4363;2.93;2149;2149;1239;201;0;0;0.0;2.93;0.0;0.0;0;0;0
4445114986;"West";"2016-04-24";5002;3.36;2247;2247;1196;244;0;0;0.0;3.36;0.0;0.0;0;0;0
4445114986;"West";"2016-04-25";3385;2.27;2070;2070;916;179;0;0;0.0;2.27;0.0;0.0;0;0;0
4445114986;"South";"2016-04-26";6326;4.41;2291;2291;839;180;1;29;0.0;1.96;0.04;2.41;0;0;0
4445114986;"South";"2016-04-27";7243;5.03;2361;2361;839;194;1;32;0.0;2.38;0.03;2.62;0;0;0
4445114986;"North";"2016-04-28";4493;3.01;2203;2203;762;236;0;0;0.0;3.01;0.0;0.0;0;0;0
4445114986;"East";"2016-04-29";4676;3.14;2196;2196;1106;226;0;0;0.0;3.13;0.0;0.0;0;0;0
4445114986;"West";"2016-04-30";6222;4.18;2363;2363;797;290;0;0;0.0;4.18;0.0;0.0;0;0;0
4445114986;"East";"2016-01-05";5232;3.51;2246;2246;741;240;0;0;0.0;3.51;0.0;0.0;0;0;0
4445114986;"West";"2016-02-05";6910;4.75;2336;2336;667;200;4;27;0.0;2.35;0.19;2.21;0;0;0
4445114986;"South";"2016-03-05";7502;5.18;2421;2421;725;233;2;30;0.0;2.58;0.11;2.48;0;0;0
4445114986;"South";"2016-04-05";2923;1.96;2070;2070;897;180;0;0;0.0;1.96;0.0;0.0;0;0;0
4445114986;"North";"2016-05-05";3800;2.55;2120;2120;734;185;6;2;0.0;2.18;0.24;0.12;0;0;0
4445114986;"East";"2016-06-05";4514;3.03;2211;2211;809;229;0;0;0.0;3.03;0.0;0.0;0;0;0
4445114986;"West";"2016-07-05";5183;3.59;2123;2123;866;108;4;26;0.0;1.25;0.19;2.13;0;0;0
4445114986;"South";"2016-08-05";7303;4.9;2423;2423;733;308;8;0;0.0;4.65;0.25;0.0;0;0;0
4445114986;"North";"2016-09-05";5275;3.54;2281;2281;641;266;0;0;0.0;3.54;0.0;0.0;0;0;0
4445114986;"East";"2016-10-05";3915;2.63;2181;2181;783;231;0;0;0.0;2.63;0.0;0.0;0;0;0
4445114986;"North";"2016-11-05";9105;6.11;2499;2499;622;232;22;34;0.0;2.86;1.0;2.25;0;0;0
4445114986;"West";"2016-12-05";768;0.52;1212;1212;380;58;0;0;0.0;0.52;0.0;0.0;0;0;0
4558609924;"South";"2016-12-04";5135;3.39;1909;1909;1122;318;0;0;0.0;3.39;0.0;0.0;0;0;0
4558609924;"North";"2016-04-13";4978;3.29;1722;1722;1287;127;7;19;0.0;1.61;0.44;1.24;0;0;0
4558609924;"East";"2016-04-14";6799;4.49;1922;1922;1161;279;0;0;0.0;4.49;0.0;0.0;0;0;0
4558609924;"East";"2016-04-15";7795;5.15;2121;2121;1131;262;30;17;0.0;3.73;0.84;0.59;0;0;0
4558609924;"West";"2016-04-16";7289;4.82;1997;1997;1112;308;12;8;0.0;3.5;0.75;0.55;0;0;0
4558609924;"North";"2016-04-17";9634;6.4;2117;2117;1110;304;19;7;0.0;4.71;1.14;0.55;0;0;0
4558609924;"East";"2016-04-18";8940;5.91;2116;2116;1080;331;15;14;0.0;4.0;0.93;0.98;0;0;0
4558609924;"West";"2016-04-19";5401;3.57;1876;1876;1182;248;9;1;0.0;3.16;0.36;0.05;0;0;0
4558609924;"South";"2016-04-20";4803;3.17;1788;1788;1218;222;0;0;0.0;3.17;0.0;0.0;0;0;0
4558609924;"South";"2016-04-21";13743;9.08;2486;2486;844;432;21;6;0.0;7.7;0.97;0.42;0;0;0
4558609924;"North";"2016-04-22";9601;6.35;2094;2094;1122;273;25;20;0.0;3.47;1.5;1.37;0;0;0
4558609924;"East";"2016-04-23";6890;4.55;2085;2085;1122;308;5;5;0.0;4.01;0.2;0.34;0;0;0
4558609924;"West";"2016-04-24";8563;5.66;2173;2173;1045;395;0;0;0.0;5.65;0.0;0.0;0;0;0
4558609924;"South";"2016-04-25";8095;5.35;2225;2225;993;340;10;18;0.0;4.51;0.25;0.59;0;0;0
4558609924;"North";"2016-04-26";9148;6.05;2223;2223;1062;283;41;12;0.0;3.59;2.03;0.43;0;0;0
4558609924;"East";"2016-04-27";9557;6.32;2098;2098;1087;312;14;27;0.0;3.46;0.89;1.96;0;0;0
4558609924;"North";"2016-04-28";9451;6.25;2185;2185;985;367;11;1;0.0;5.95;0.27;0.02;0;0;0
4558609924;"East";"2016-04-29";7833;5.18;1918;1918;1096;197;29;15;0.0;2.31;1.85;1.02;0;0;0
4558609924;"West";"2016-04-30";10319;6.82;2105;2105;1111;293;29;7;0.0;4.46;1.89;0.47;0;0;0
4558609924;"South";"2016-01-05";3428;2.27;1692;1692;1121;190;0;0;0.0;2.27;0.0;0.0;0;0;0
4558609924;"West";"2016-02-05";7891;5.22;2066;2066;1057;383;0;0;0.0;5.22;0.0;0.0;0;0;0
4558609924;"West";"2016-03-05";5267;3.48;1953;1953;1172;237;10;21;0.0;2.6;0.28;0.6;0;0;0
4558609924;"South";"2016-04-05";5232;3.46;1842;1842;1188;252;0;0;0.0;3.46;0.0;0.0;0;0;0
4558609924;"North";"2016-05-05";10611;7.01;2262;2262;1048;370;8;14;0.0;5.51;0.5;1.01;0;0;0
4558609924;"East";"2016-06-05";3755;2.48;1722;1722;1238;202;0;0;0.0;2.48;0.0;0.0;0;0;0
4558609924;"West";"2016-07-05";8237;5.44;1973;1973;1116;233;16;23;0.0;2.83;1.0;1.61;0;0;0
4558609924;"West";"2016-08-05";6543;4.33;2666;2666;1019;238;35;66;0.0;2.02;0.5;1.8;0;0;0
4558609924;"South";"2016-09-05";11451;7.57;2223;2223;1065;339;30;6;0.0;5.52;1.62;0.43;0;0;0
4558609924;"North";"2016-10-05";6435;4.25;1889;1889;1191;220;18;11;0.0;2.39;1.12;0.74;0;0;0
4558609924;"East";"2016-11-05";9108;6.02;2131;2131;1081;324;31;4;0.0;3.94;1.82;0.26;0;0;0
4558609924;"West";"2016-12-05";6307;4.17;1452;1452;736;247;0;0;0.0;4.17;0.0;0.0;0;0;0
4702921684;"West";"2016-12-04";7213;5.88;2947;2947;718;263;0;0;0.0;5.85;0.0;0.0;0;0;0
4702921684;"South";"2016-04-13";6877;5.58;2898;2898;777;258;0;0;0.0;5.58;0.0;0.0;0;0;0
4702921684;"South";"2016-04-14";7860;6.37;2984;2984;772;271;0;0;0.0;6.37;0.0;0.0;0;0;0
4702921684;"North";"2016-04-15";6506;5.28;2896;2896;944;256;8;1;0.0;4.79;0.42;0.07;0;0;0
4702921684;"East";"2016-04-16";11140;9.03;3328;3328;556;335;24;3;0.0;7.54;1.25;0.24;0;0;0
4702921684;"West";"2016-04-17";12692;10.29;3394;3394;437;302;66;12;0.0;5.88;3.46;0.96;0;0;0
4702921684;"East";"2016-04-18";9105;7.38;3013;3013;890;191;30;22;0.0;4.07;1.49;1.82;0;0;0
4702921684;"West";"2016-04-19";6708;5.44;2812;2812;757;179;8;10;0.0;4.19;0.37;0.88;0;0;0
4702921684;"South";"2016-04-20";8793;7.13;3061;3061;717;260;29;2;0.0;5.73;1.23;0.16;0;0;0
4702921684;"South";"2016-04-21";6530;5.3;2729;2729;901;144;41;4;0.0;2.94;2.05;0.31;0;0;0
4702921684;"North";"2016-04-22";1664;1.35;2241;2241;1341;72;0;0;0.0;1.35;0.0;0.0;0;0;0
4702921684;"East";"2016-04-23";15126;12.27;3691;3691;469;408;66;9;0.0;8.27;3.24;0.76;0;0;0
4702921684;"West";"2016-04-24";15050;12.22;3538;3538;542;281;95;15;0.0;5.88;5.12;1.2;0;0;0
4702921684;"South";"2016-04-25";9167;7.43;3064;3064;730;270;15;6;0.0;6.11;0.82;0.49;0;0;0
4702921684;"North";"2016-04-26";6108;4.95;2784;2784;765;216;8;1;0.0;4.54;0.35;0.07;0;0;0
4702921684;"East";"2016-04-27";7047;5.72;2908;2908;733;238;16;1;0.0;4.78;0.8;0.09;0;0;0
4702921684;"North";"2016-04-28";9023;7.32;3033;3033;738;232;9;14;0.0;5.77;0.42;1.13;0;0;0
4702921684;"West";"2016-04-29";9930;8.05;3165;3165;692;267;19;12;0.0;6.07;0.92;1.06;0;0;0
4702921684;"South";"2016-04-30";10144;8.23;3115;3115;728;263;36;4;0.0;5.88;2.03;0.32;0;0;0
4702921684;"North";"2016-01-05";0;0.0;2017;2017;1440;0;0;0;0.0;0.0;0.0;0.0;0;0;0
4702921684;"East";"2016-02-05";7245;5.92;2859;2859;1131;195;40;5;0.0;3.76;1.74;0.38;0;0;0
4702921684;"East";"2016-03-05";9454;7.67;3145;3145;729;313;0;0;0.0;7.67;0.0;0.0;0;0;0
4702921684;"West";"2016-04-05";8161;6.62;3004;3004;757;251;15;4;0.0;5.54;0.73;0.34;0;0;0
4702921684;"North";"2016-05-05";8614;6.99;3006;3006;745;241;5;8;0.0;6.09;0.22;0.67;0;0;0
4702921684;"East";"2016-06-05";6943;5.63;2859;2859;682;207;16;1;0.0;4.87;0.66;0.08;0;0;0
4702921684;"West";"2016-07-05";14370;11.65;3683;3683;577;439;46;5;0.0;8.97;2.31;0.37;0;0;0
4702921684;"South";"2016-08-05";12857;10.43;3287;3287;1019;192;125;9;0.0;3.54;6.21;0.68;0;0;0
4702921684;"South";"2016-09-05";8232;6.68;2990;2990;746;253;12;0;0.0;6.1;0.57;0.0;0;0;0
4702921684;"North";"2016-10-05";10613;8.61;3172;3172;701;262;37;1;0.0;6.65;1.88;0.08;0;0;0
4702921684;"East";"2016-11-05";9810;7.96;3069;3069;784;235;41;10;0.0;4.98;2.16;0.78;0;0;0
4702921684;"West";"2016-12-05";2752;2.23;1240;1240;241;68;0;0;0.0;2.23;0.0;0.0;0;0;0
5553957443;"South";"2016-12-04";11596;7.57;2026;2026;767;277;13;19;0.0;5.41;0.79;1.37;0;0;0
5553957443;"North";"2016-04-13";4832;3.16;1718;1718;647;226;0;0;0.0;3.16;0.0;0.0;0;0;0
5553957443;"East";"2016-04-14";17022;11.12;2324;2324;693;256;41;61;0.0;4.67;2.45;4.0;0;0;0
5553957443;"North";"2016-04-15";16556;10.86;2254;2254;689;239;38;58;0.0;4.71;1.98;4.16;0;0;0
5553957443;"East";"2016-04-16";5771;3.77;1831;1831;521;288;0;0;0.0;3.77;0.0;0.0;0;0;0
5553957443;"West";"2016-04-17";655;0.43;1397;1397;943;46;0;0;0.0;0.43;0.0;0.0;0;0;0
5553957443;"South";"2016-04-18";3727;2.43;1683;1683;622;206;0;0;0.0;2.43;0.0;0.0;0;0;0
5553957443;"West";"2016-04-19";15482;10.11;2284;2284;756;249;28;69;0.0;4.18;1.66;4.28;0;0;0
5553957443;"West";"2016-04-20";2713;1.77;1570;1570;598;148;0;0;0.0;1.77;0.0;0.0;0;0;0
5553957443;"South";"2016-04-21";12346;8.06;2066;2066;801;177;42;47;0.0;2.96;2.16;2.95;0;0;0
5553957443;"North";"2016-04-22";11682;7.63;2105;2105;781;270;16;25;0.0;5.6;0.63;1.38;0;0;0
5553957443;"East";"2016-04-23";4112;2.69;1776;1776;443;272;0;0;0.0;2.68;0.0;0.0;0;0;0
5553957443;"West";"2016-04-24";1807;1.18;1507;1507;582;104;0;0;0.0;1.18;0.0;0.0;0;0;0
5553957443;"West";"2016-04-25";10946;7.19;2033;2033;732;201;11;51;0.0;3.69;0.57;2.93;0;0;0
5553957443;"South";"2016-04-26";11886;7.76;2093;2093;750;238;18;40;0.0;4.46;0.93;2.37;0;0;0
5553957443;"North";"2016-04-27";10538;6.88;1922;1922;745;206;16;16;0.0;4.74;1.0;1.14;0;0;0
5553957443;"East";"2016-04-28";11393;7.63;1999;1999;727;165;13;49;0.0;3.17;0.75;3.71;0;0;0
5553957443;"West";"2016-04-29";12764;8.33;2169;2169;709;270;15;46;0.0;4.91;0.64;2.79;0;0;0
5553957443;"West";"2016-04-30";1202;0.78;1463;1463;506;84;0;0;0.0;0.78;0.0;0.0;0;0;0
5553957443;"South";"2016-01-05";5164;3.37;1747;1747;436;237;0;0;0.0;3.37;0.0;0.0;0;0;0
5553957443;"South";"2016-02-05";9769;6.38;1996;1996;724;227;9;23;0.0;4.9;0.41;1.06;0;0;0
5553957443;"North";"2016-03-05";12848;8.39;2116;2116;812;247;29;26;0.0;5.68;1.2;1.5;0;0;0
5553957443;"East";"2016-04-05";4249;2.77;1698;1698;651;224;0;0;0.0;2.77;0.0;0.0;0;0;0
5553957443;"West";"2016-05-05";14331;9.51;2156;2156;692;241;29;44;0.0;4.43;1.66;3.43;0;0;0
5553957443;"East";"2016-06-05";9632;6.29;1916;1916;761;229;9;21;0.0;4.23;0.54;1.52;0;0;0
5553957443;"West";"2016-07-05";1868;1.22;1494;1494;902;96;0;0;0.0;1.22;0.0;0.0;0;0;0
5553957443;"South";"2016-08-05";6083;4.0;1762;1762;505;210;8;3;0.0;3.3;0.47;0.22;0;0;0
5553957443;"South";"2016-09-05";11611;7.58;2272;2272;667;251;22;59;0.0;4.56;0.89;2.13;0;0;0
5553957443;"North";"2016-10-05";16358;10.71;2335;2335;707;265;40;61;0.0;5.2;1.61;3.87;0;0;0
5553957443;"East";"2016-11-05";4926;3.22;1693;1693;628;195;0;0;0.0;3.22;0.0;0.0;0;0;0
5553957443;"West";"2016-12-05";3121;2.04;741;741;222;48;6;8;0.0;1.06;0.4;0.58;0;0;0
5577150313;"South";"2016-12-04";8135;6.08;3405;3405;728;140;16;86;0.0;2.1;0.38;3.6;0;0;0
5577150313;"North";"2016-04-13";5077;3.79;2551;2551;776;144;11;15;0.0;3.25;0.22;0.32;0;0;0
5577150313;"East";"2016-04-14";8596;6.42;4022;4022;662;176;30;118;0.0;2.78;0.31;3.33;0;0;0
5577150313;"North";"2016-04-15";12087;9.08;4005;4005;695;199;54;115;0.0;3.56;1.6;3.92;0;0;0
5577150313;"West";"2016-04-16";14269;10.66;4274;4274;472;158;56;184;0.0;2.73;1.28;6.64;0;0;0
5577150313;"South";"2016-04-17";12231;9.14;4552;4552;525;159;37;200;0.0;2.32;0.83;5.98;0;0;0
5577150313;"North";"2016-04-18";9893;7.39;3625;3625;623;130;32;114;0.0;1.82;0.72;4.86;0;0;0
5577150313;"East";"2016-04-19";12574;9.42;3501;3501;733;111;23;108;0.0;1.76;0.64;7.02;0;0;0
5577150313;"East";"2016-04-20";8330;6.22;3192;3192;773;113;16;87;0.0;1.76;0.34;4.12;0;0;0
5577150313;"West";"2016-04-21";10830;8.09;4018;4018;670;175;74;110;0.0;2.78;1.66;3.65;0;0;0
5577150313;"North";"2016-04-22";9172;6.85;3329;3329;823;200;30;62;0.0;3.3;0.79;2.42;0;0;0
5577150313;"East";"2016-04-23";7638;5.71;3152;3152;627;223;24;24;0.0;4.14;0.36;1.21;0;0;0
5577150313;"West";"2016-04-24";15764;11.78;4392;4392;425;141;65;210;0.0;1.98;2.15;7.65;0;0;0
5577150313;"South";"2016-04-25";6393;4.78;3374;3374;743;214;38;61;0.0;2.76;0.67;1.35;0;0;0
5577150313;"South";"2016-04-26";5325;3.98;3088;3088;759;181;32;38;0.0;2.47;0.65;0.85;0;0;0
5577150313;"North";"2016-04-27";6805;5.14;3294;3294;773;190;16;63;0.0;2.93;0.4;1.81;0;0;0
5577150313;"East";"2016-04-28";9841;7.43;3580;3580;692;141;51;99;0.0;3.01;1.17;3.25;0;0;0
5577150313;"West";"2016-04-29";7924;5.92;3544;3544;739;165;36;97;0.0;2.47;0.61;2.84;0;0;0
5577150313;"South";"2016-04-30";12363;9.24;4501;4501;621;163;45;207;0.0;2.61;0.79;5.83;0;0;0
5577150313;"North";"2016-01-05";13368;9.99;4546;4546;499;178;72;194;0.0;3.24;1.44;5.31;0;0;0
5577150313;"East";"2016-02-05";7439;5.56;3014;3014;732;235;20;37;0.0;4.07;0.35;1.12;0;0;0
5577150313;"North";"2016-03-05";11045;8.25;3795;3795;580;212;8;97;0.0;3.57;0.15;4.52;0;0;0
5577150313;"East";"2016-04-05";5206;3.89;2755;2755;631;141;9;25;0.0;2.08;0.25;1.56;0;0;0
5577150313;"West";"2016-05-05";7550;5.64;3004;3004;1153;143;21;45;0.0;2.67;0.47;2.5;0;0;0
5577150313;"South";"2016-06-05";4950;3.7;2643;2643;1304;79;16;41;0.0;1.45;0.32;1.93;0;0;0
5577150313;"West";"2016-07-05";0;0.0;1819;1819;1440;0;0;0;0.0;0.0;0.0;0.0;0;0;0
5577150313;"West";"2016-08-05";0;0.0;1819;1819;1440;0;0;0;0.0;0.0;0.0;0.0;0;0;0
5577150313;"South";"2016-09-05";3421;2.56;2489;2489;1099;70;11;34;0.0;0.99;0.14;1.43;0;0;0
5577150313;"North";"2016-10-05";8869;6.65;3841;3841;639;194;37;104;0.0;3.35;0.75;2.56;0;0;0
5577150313;"East";"2016-11-05";4038;3.04;1665;1665;257;63;15;45;0.0;0.89;0.3;1.83;0;0;0
6117666160;"West";"2016-12-04";0;0.0;1496;1496;1440;0;0;0;0.0;0.0;0.0;0.0;0;0;0
6117666160;"West";"2016-04-13";0;0.0;1496;1496;1440;0;0;0;0.0;0.0;0.0;0.0;0;0;0
6117666160;"South";"2016-04-14";0;0.0;1496;1496;1440;0;0;0;0.0;0.0;0.0;0.0;0;0;0
6117666160;"North";"2016-04-15";14019;10.59;2865;2865;921;513;6;0;0.0;10.3;0.28;0.0;0;0;0
6117666160;"East";"2016-04-16";14450;10.91;2828;2828;502;518;15;7;0.0;9.48;0.85;0.58;0;0;0
6117666160;"West";"2016-04-17";7150;5.4;2225;2225;702;312;0;0;0.0;5.4;0.0;0.0;0;0;0
6117666160;"West";"2016-04-18";5153;3.91;2018;2018;759;241;0;0;0.0;3.89;0.0;0.0;0;0;0
6117666160;"South";"2016-04-19";11135;8.41;2606;2606;425;480;0;0;0.0;8.41;0.0;0.0;0;0;0
6117666160;"South";"2016-04-20";10449;8.02;2536;2536;587;349;10;26;0.0;5.52;0.48;2.03;0;0;0
6117666160;"North";"2016-04-21";19542;15.01;4900;4900;579;294;19;11;0.0;5.62;0.4;0.98;0;0;0
6117666160;"East";"2016-04-22";8206;6.2;2409;2409;413;402;0;0;0.0;6.2;0.0;0.0;0;0;0
6117666160;"West";"2016-04-23";11495;8.68;2651;2651;468;512;0;0;0.0;8.68;0.0;0.0;0;0;0
6117666160;"East";"2016-04-24";7623;5.76;2305;2305;711;362;0;0;0.0;5.76;0.0;0.0;0;0;0
6117666160;"West";"2016-04-25";0;0.0;1497;1497;1440;0;0;0;0.0;0.0;0.0;0.0;0;0;0
6117666160;"South";"2016-04-26";9543;7.21;2450;2450;1077;352;7;0;0.0;6.87;0.34;0.0;0;0;0
6117666160;"South";"2016-04-27";9411;7.11;2576;2576;417;458;0;0;0.0;7.11;0.0;0.0;0;0;0
6117666160;"North";"2016-04-28";3403;2.6;1879;1879;758;141;0;0;0.0;2.6;0.0;0.0;0;0;0
6117666160;"East";"2016-04-29";9592;7.24;2560;2560;479;461;0;0;0.0;7.24;0.0;0.0;0;0;0
6117666160;"West";"2016-04-30";6987;5.28;2275;2275;1040;343;0;0;0.0;5.28;0.0;0.0;0;0;0
6117666160;"South";"2016-01-05";8915;6.73;2361;2361;525;397;0;0;0.0;6.73;0.0;0.0;0;0;0
6117666160;"North";"2016-02-05";4933;3.73;2044;2044;1204;236;0;0;0.0;3.73;0.0;0.0;0;0;0
6117666160;"East";"2016-03-05";0;0.0;1496;1496;1440;0;0;0;0.0;0.0;0.0;0.0;0;0;0
6117666160;"North";"2016-04-05";2997;2.26;1902;1902;1279;156;0;0;0.0;2.26;0.0;0.0;0;0;0
6117666160;"West";"2016-05-05";9799;7.4;2636;2636;479;487;0;0;0.0;7.4;0.0;0.0;0;0;0
6117666160;"South";"2016-06-05";3365;2.68;1838;1838;673;133;0;0;0.0;2.68;0.0;0.0;0;0;0
6117666160;"North";"2016-07-05";7336;5.54;2469;2469;456;412;0;0;0.0;5.54;0.0;0.0;0;0;0
6117666160;"East";"2016-08-05";7328;5.53;2250;2250;517;318;0;0;0.0;5.53;0.0;0.0;0;0;0
6117666160;"East";"2016-09-05";4477;3.38;1248;1248;125;197;0;0;0.0;3.38;0.0;0.0;0;0;0
6290855005;"West";"2016-12-04";4562;3.45;2560;2560;1241;199;0;0;0.0;3.45;0.0;0.0;0;0;0
6290855005;"North";"2016-04-13";7142;5.4;2905;2905;1090;350;0;0;0.01;5.39;0.0;0.0;0;0;0
6290855005;"East";"2016-04-14";7671;5.8;2952;2952;1077;363;0;0;0.03;5.77;0.0;0.0;0;0;0
6290855005;"West";"2016-04-15";9501;7.18;2896;2896;1112;328;0;0;0.01;7.17;0.0;0.0;0;0;0
6290855005;"South";"2016-04-16";8301;6.28;2783;2783;1182;258;0;0;0.01;6.27;0.0;0.0;0;0;0
6290855005;"South";"2016-04-17";7851;5.94;3171;3171;1172;225;12;31;0.0;4.0;0.79;1.14;0;0;0
6290855005;"North";"2016-04-18";6885;5.21;2766;2766;1169;271;0;0;0.02;5.19;0.0;0.0;0;0;0
6290855005;"East";"2016-04-19";7142;5.4;2839;2839;1119;321;0;0;0.01;5.39;0.0;0.0;0;0;0
6290855005;"West";"2016-04-20";6361;4.81;2701;2701;1182;258;0;0;0.01;4.8;0.0;0.0;0;0;0
6290855005;"South";"2016-04-21";0;0.0;2060;2060;1440;0;0;0;0.0;0.0;0.0;0.0;0;0;0
6290855005;"North";"2016-04-22";6238;4.72;2796;2796;1138;302;0;0;0.0;4.72;0.0;0.0;0;0;0
6290855005;"East";"2016-04-23";0;0.0;2664;2664;1407;0;0;33;0.0;0.0;0.0;0.0;0;0;0
6290855005;"North";"2016-04-24";5896;4.46;2703;2703;1182;258;0;0;0.0;4.46;0.0;0.0;0;0;0
6290855005;"East";"2016-04-25";7802;5.9;2771;2771;1180;249;3;8;0.01;5.03;0.18;0.68;0;0;0
6290855005;"West";"2016-04-26";0;0.0;2060;2060;1440;0;0;0;0.0;0.0;0.0;0.0;0;0;0
6290855005;"South";"2016-04-27";5565;4.21;2743;2743;1153;287;0;0;0.03;4.18;0.0;0.0;0;0;0
6290855005;"West";"2016-04-28";5731;4.33;2687;2687;1185;255;0;0;0.0;4.33;0.0;0.0;0;0;0
6290855005;"West";"2016-04-29";0;0.0;2060;2060;1440;0;0;0;0.0;0.0;0.0;0.0;0;0;0
6290855005;"South";"2016-04-30";6744;5.1;2843;2843;1116;324;0;0;0.01;5.09;0.0;0.0;0;0;0
6290855005;"North";"2016-01-05";9837;7.44;3327;3327;1055;282;95;8;0.02;4.0;2.75;0.66;0;0;0
6290855005;"East";"2016-02-05";6781;5.13;2725;2725;1172;268;0;0;0.02;5.11;0.0;0.0;0;0;0
6290855005;"West";"2016-03-05";6047;4.57;2671;2671;1200;240;0;0;0.0;4.57;0.0;0.0;0;0;0
6290855005;"West";"2016-04-05";5832;4.41;2718;2718;1168;272;0;0;0.01;4.4;0.0;0.0;0;0;0
6290855005;"South";"2016-05-05";6339;4.79;2682;2682;1201;239;0;0;0.0;4.79;0.0;0.0;0;0;0
6290855005;"North";"2016-06-05";6116;4.62;2806;2806;1135;305;0;0;0.03;4.59;0.0;0.0;0;0;0
6290855005;"East";"2016-07-05";5510;4.17;2613;2613;1213;227;0;0;0.0;4.16;0.0;0.0;0;0;0
6290855005;"West";"2016-08-05";7706;5.83;2712;2712;1189;251;0;0;0.0;5.82;0.0;0.0;0;0;0
6290855005;"West";"2016-09-05";6277;4.75;2175;2175;800;264;0;0;0.02;4.73;0.0;0.0;0;0;0
6290855005;"South";"2016-10-05";0;0.0;0;0;1440;0;0;0;0.0;0.0;0.0;0.0;0;0;0
6775888955;"South";"2016-12-04";0;0.0;1841;1841;1440;0;0;0;0.0;0.0;0.0;0.0;0;0;0
6775888955;"North";"2016-04-13";4053;2.91;2400;2400;1053;85;18;17;0.0;1.22;0.58;1.11;0;0;0
6775888955;"East";"2016-04-14";5162;3.7;2507;2507;863;105;24;14;0.0;1.97;0.86;0.87;0;0;0
6775888955;"West";"2016-04-15";1282;0.92;2127;2127;976;58;0;0;0.0;0.92;0.0;0.0;0;0;0
6775888955;"East";"2016-04-16";4732;3.39;2225;2225;1377;9;18;36;0.0;0.06;0.81;2.52;0;0;0
6775888955;"West";"2016-04-17";2497;1.79;2067;2067;1392;19;24;5;0.0;0.31;1.13;0.35;0;0;0
6775888955;"South";"2016-04-18";8294;5.95;2798;2798;1233;146;31;30;0.0;3.17;0.77;2.0;0;0;0
6775888955;"South";"2016-04-19";0;0.0;1841;1841;1440;0;0;0;0.0;0.0;0.0;0.0;0;0;0
6775888955;"North";"2016-04-20";10771;7.72;3727;3727;1079;178;113;70;0.0;2.22;1.74;3.77;0;0;0
6775888955;"East";"2016-04-21";0;0.0;1841;1841;1440;0;0;0;0.0;0.0;0.0;0.0;0;0;0
6775888955;"West";"2016-04-22";637;0.46;1922;1922;1420;20;0;0;0.0;0.46;0.0;0.0;0;0;0
6775888955;"South";"2016-04-23";0;0.0;1841;1841;1440;0;0;0;0.0;0.0;0.0;0.0;0;0;0
6775888955;"North";"2016-04-24";2153;1.54;2053;2053;1400;11;18;11;0.0;0.15;0.62;0.77;0;0;0
6775888955;"East";"2016-04-25";6474;4.64;2484;2484;1302;92;13;33;0.0;1.9;0.46;2.27;0;0;0
6775888955;"North";"2016-04-26";7091;5.27;2584;2584;1321;47;30;42;0.0;0.73;0.87;3.48;0;0;0
6775888955;"West";"2016-04-27";0;0.0;1841;1841;1440;0;0;0;0.0;0.0;0.0;0.0;0;0;0
6775888955;"South";"2016-04-28";703;0.5;1993;1993;1410;15;13;2;0.0;0.24;0.2;0.06;0;0;0
6775888955;"North";"2016-04-29";0;0.0;1841;1841;1440;0;0;0;0.0;0.0;0.0;0.0;0;0;0
6775888955;"East";"2016-04-30";2503;1.79;2280;2280;1344;84;9;3;0.0;1.48;0.16;0.16;0;0;0
6775888955;"East";"2016-01-05";2487;1.78;2319;2319;1347;50;34;9;0.0;0.68;0.62;0.48;0;0;0
6775888955;"West";"2016-02-05";0;0.0;1841;1841;1440;0;0;0;0.0;0.0;0.0;0.0;0;0;0
6775888955;"North";"2016-03-05";9;0.01;1843;1843;1439;1;0;0;0.0;0.01;0.0;0.0;0;0;0
6775888955;"East";"2016-04-05";0;0.0;1841;1841;1440;0;0;0;0.0;0.0;0.0;0.0;0;0;0
6775888955;"West";"2016-05-05";0;0.0;1841;1841;1440;0;0;0;0.0;0.0;0.0;0.0;0;0;0
6775888955;"South";"2016-06-05";4697;3.37;2496;2496;1318;75;35;12;0.0;1.93;0.93;0.47;0;0;0
6775888955;"South";"2016-07-05";1967;1.41;1032;1032;551;49;5;2;0.0;1.05;0.24;0.13;0;0;0
6962181067;"North";"2016-12-04";10199;6.74;1994;1994;796;189;14;50;0.0;2.51;0.83;3.4;0;0;0
6962181067;"East";"2016-04-13";5652;3.74;1718;1718;548;142;24;8;0.0;1.96;1.21;0.57;0;0;0
6962181067;"West";"2016-04-14";1551;1.03;1466;1466;862;86;0;0;0.0;1.03;0.0;0.0;0;0;0
6962181067;"South";"2016-04-15";5563;3.68;1756;1756;837;217;0;0;0.0;3.68;0.0;0.0;0;0;0
6962181067;"North";"2016-04-16";13217;8.74;2173;2173;741;280;3;50;0.0;4.88;0.19;3.66;0;0;0
6962181067;"East";"2016-04-17";10145;6.71;2027;2027;634;295;13;5;0.0;5.69;0.68;0.33;0;0;0
6962181067;"North";"2016-04-18";11404;7.54;2039;2039;689;238;42;13;0.0;4.32;2.39;0.83;0;0;0
6962181067;"East";"2016-04-19";10742;7.1;2046;2046;659;195;41;35;0.0;2.87;2.13;2.1;0;0;0
6962181067;"West";"2016-04-20";13928;9.55;2174;2174;639;297;4;48;0.0;5.09;0.19;4.28;0;0;0
6962181067;"South";"2016-04-21";11835;9.71;2179;2179;708;214;27;53;0.11;3.51;2.1;3.99;0;0;0
6962181067;"West";"2016-04-22";10725;7.09;2086;2086;659;240;33;30;0.0;3.77;1.55;1.77;0;0;0
6962181067;"West";"2016-04-23";20031;13.24;2571;2571;484;347;41;58;0.0;7.04;2.0;4.2;0;0;0
6962181067;"South";"2016-04-24";5029;3.32;1705;1705;720;199;0;0;0.0;3.32;0.0;0.0;0;0;0
6962181067;"North";"2016-04-25";13239;9.27;2194;2194;637;282;31;35;0.1;4.46;1.68;3.02;0;0;0
6962181067;"East";"2016-04-26";10433;6.9;2012;2012;680;254;7;36;0.0;3.9;0.42;2.58;0;0;0
6962181067;"West";"2016-04-27";10320;6.82;2034;2034;697;279;38;7;0.0;4.25;2.02;0.55;0;0;0
6962181067;"West";"2016-04-28";12627;8.35;2182;2182;621;288;8;38;0.0;5.59;0.24;2.51;0;0;0
6962181067;"South";"2016-04-29";10762;7.11;2254;2254;645;369;15;12;0.0;5.81;0.48;0.82;0;0;0
6962181067;"North";"2016-04-30";10081;6.66;2002;2002;731;237;16;32;0.0;3.67;0.76;2.24;0;0;0
6962181067;"East";"2016-01-05";5454;3.61;1740;1740;722;215;0;0;0.0;3.61;0.0;0.0;0;0;0
6962181067;"West";"2016-02-05";12912;8.54;2162;2162;655;313;39;18;0.0;5.34;2.0;1.2;0;0;0
6962181067;"West";"2016-03-05";12109;8.12;2072;2072;654;267;36;21;0.0;4.33;2.04;1.74;0;0;0
6962181067;"South";"2016-04-05";10147;6.71;2086;2086;683;284;36;15;0.0;4.55;1.68;0.47;0;0;0
6962181067;"South";"2016-05-05";10524;6.96;2066;2066;591;305;22;14;0.0;4.81;1.16;0.99;0;0;0
6962181067;"North";"2016-06-05";5908;3.91;1850;1850;717;299;0;0;0.0;3.91;0.0;0.0;0;0;0
6962181067;"East";"2016-07-05";6815;4.5;1947;1947;745;328;0;0;0.0;4.5;0.0;0.0;0;0;0
6962181067;"West";"2016-08-05";4188;2.77;1659;1659;709;151;14;0;0.0;2.25;0.52;0.0;0;0;0
6962181067;"East";"2016-09-05";12342;8.72;2105;2105;607;231;21;43;0.0;3.65;1.18;3.9;0;0;0
6962181067;"West";"2016-10-05";15448;10.21;2361;2361;626;275;34;62;0.0;4.99;1.75;3.47;0;0;0
6962181067;"South";"2016-11-05";6722;4.44;1855;1855;709;199;7;24;0.0;2.65;0.31;1.49;0;0;0
6962181067;"South";"2016-12-05";3587;2.37;928;928;127;105;8;0;0.0;2.11;0.25;0.0;0;0;0
7007744171;"North";"2016-12-04";14172;10.29;2937;2937;1024;355;8;53;0.0;5.41;0.38;4.5;0;0;0
7007744171;"East";"2016-04-13";12862;9.65;2742;2742;1101;261;22;56;0.0;4.48;0.56;4.61;0;0;0
7007744171;"West";"2016-04-14";11179;8.24;2668;2668;1096;304;6;34;0.0;4.96;0.34;2.95;0;0;0
7007744171;"South";"2016-04-15";5273;3.53;2098;2098;1238;202;0;0;0.0;3.53;0.0;0.0;0;0;0
7007744171;"North";"2016-04-16";4631;3.1;2076;2076;1155;203;0;0;0.0;3.1;0.0;0.0;0;0;0
7007744171;"East";"2016-04-17";8059;5.39;2383;2383;1135;305;0;0;0.0;5.39;0.0;0.0;0;0;0
7007744171;"North";"2016-04-18";14816;10.98;2832;2832;1077;284;31;48;0.02;5.05;2.12;3.79;0;0;0
7007744171;"West";"2016-04-19";14194;10.48;2812;2812;1066;304;17;53;0.0;5.31;0.76;4.41;0;0;0
7007744171;"South";"2016-04-20";15566;11.31;3096;3096;1000;347;33;60;0.0;5.86;0.67;4.79;0;0;0
7007744171;"North";"2016-04-21";13744;9.19;2763;2763;1049;327;34;30;0.0;5.17;1.87;2.15;0;0;0
7007744171;"East";"2016-04-22";15299;10.24;2889;2889;1065;261;50;64;0.0;4.37;1.76;4.1;0;0;0
7007744171;"East";"2016-04-23";8093;5.41;2284;2284;1190;223;25;2;0.0;4.15;1.13;0.13;0;0;0
7007744171;"West";"2016-04-24";11085;7.42;2667;2667;1021;419;0;0;0.0;7.42;0.0;0.0;0;0;0
7007744171;"North";"2016-04-25";18229;13.34;3055;3055;986;379;24;51;0.0;7.67;1.37;4.31;0;0;0
7007744171;"East";"2016-04-26";15090;10.1;2939;2939;978;424;22;16;0.0;8.23;0.94;0.93;0;0;0
7007744171;"West";"2016-04-27";13541;10.22;2830;2830;1041;337;12;50;0.0;5.29;0.66;4.27;0;0;0
7007744171;"South";"2016-04-28";15128;10.12;2836;2836;1007;401;16;16;0.0;8.26;0.77;1.09;0;0;0
7007744171;"South";"2016-04-29";20067;14.3;3180;3180;961;382;42;55;0.0;7.95;2.05;4.31;0;0;0
7007744171;"North";"2016-04-30";3761;2.52;2051;2051;1240;200;0;0;0.0;2.52;0.0;0.0;0;0;0
7007744171;"East";"2016-01-05";5600;3.75;2225;2225;1142;237;0;0;0.0;3.75;0.0;0.0;0;0;0
7007744171;"West";"2016-02-05";13041;9.18;2642;2642;1112;250;14;64;0.0;3.83;0.7;4.64;0;0;0
7007744171;"South";"2016-03-05";14510;10.87;2976;2976;1021;330;31;58;0.0;5.36;1.02;4.48;0;0;0
7007744171;"North";"2016-04-05";0;0.0;1557;1557;1440;0;0;0;0.0;0.0;0.0;0.0;0;0;0
7007744171;"East";"2016-05-05";15010;11.1;2933;2933;1047;317;23;53;0.0;5.48;1.29;4.33;0;0;0
7007744171;"North";"2016-06-05";11459;7.67;2553;2553;1136;247;13;44;0.0;3.86;0.81;3.0;0;0;0
7007744171;"East";"2016-07-05";0;0.0;120;120;111;0;0;0;0.0;0.0;0.0;0.0;0;0;0
7086361926;"West";"2016-12-04";11317;8.41;2772;2772;745;153;6;59;0.0;2.97;0.15;5.27;0;0;0
7086361926;"South";"2016-04-13";5813;3.62;2516;2516;744;155;26;31;0.0;2.84;0.21;0.56;0;0;0
7086361926;"West";"2016-04-14";9123;6.12;2734;2734;787;189;32;35;0.0;3.66;0.33;2.03;0;0;0
7086361926;"West";"2016-04-15";8585;5.67;2395;2395;864;139;21;30;0.0;2.53;1.11;2.04;0;0;0
7086361926;"South";"2016-04-16";31;0.01;1635;1635;1437;3;0;0;0.0;0.01;0.0;0.0;0;0;0
7086361926;"North";"2016-04-17";0;0.0;1629;1629;1440;0;0;0;0.0;0.0;0.0;0.0;0;0;0
7086361926;"East";"2016-04-18";9827;6.71;2743;2743;1136;114;51;61;0.0;2.31;1.22;3.17;0;0;0
7086361926;"West";"2016-04-19";10688;7.29;2944;2944;671;124;69;67;0.0;2.51;1.23;3.53;0;0;0
7086361926;"West";"2016-04-20";14365;10.64;2997;2997;797;145;13;87;0.0;2.54;0.45;7.64;0;0;0
7086361926;"South";"2016-04-21";9469;6.18;2463;2463;758;206;6;19;0.0;4.51;0.3;1.36;0;0;0
7086361926;"North";"2016-04-22";9753;6.53;2846;2846;762;153;59;58;0.0;2.67;0.97;2.87;0;0;0
7086361926;"East";"2016-04-23";2817;1.81;1965;1965;1350;90;0;0;0.0;1.8;0.0;0.0;0;0;0
7086361926;"West";"2016-04-24";3520;2.16;2049;2049;566;125;0;0;0.0;2.15;0.0;0.0;0;0;0
7086361926;"West";"2016-04-25";10091;6.82;2752;2752;706;129;39;69;0.0;2.37;0.7;3.75;0;0;0
7086361926;"South";"2016-04-26";10387;7.07;2781;2781;726;132;33;70;0.0;2.12;0.77;4.16;0;0;0
7086361926;"South";"2016-04-27";11107;8.34;2693;2693;829;145;6;55;0.0;2.53;0.18;5.63;0;0;0
7086361926;"North";"2016-04-28";11584;7.8;2862;2862;810;161;48;54;0.0;3.36;1.64;2.79;0;0;0
7086361926;"East";"2016-04-29";7881;4.95;2616;2616;1198;182;36;24;0.0;4.0;0.45;0.49;0;0;0
7086361926;"West";"2016-04-30";14560;9.41;2995;2995;584;308;17;42;0.0;5.24;1.04;3.12;0;0;0
7086361926;"East";"2016-01-05";12390;8.07;2730;2730;685;258;15;30;0.0;4.85;0.9;2.3;0;0;0
7086361926;"West";"2016-02-05";10052;6.81;2754;2754;737;139;26;66;0.0;2.66;0.66;3.48;0;0;0
7086361926;"South";"2016-03-05";10288;6.76;2754;2754;761;152;36;57;0.0;3.16;0.85;2.74;0;0;0
7086361926;"South";"2016-04-05";10988;8.31;2655;2655;843;135;12;45;0.0;2.9;0.12;5.28;0;0;0
7086361926;"North";"2016-05-05";8564;5.6;2386;2386;1253;149;14;24;0.0;2.95;0.83;1.78;0;0;0
7086361926;"East";"2016-06-05";12461;8.38;2924;2924;834;154;35;84;0.0;3.12;1.43;3.82;0;0;0
7086361926;"West";"2016-07-05";12827;8.48;2739;2739;621;209;42;20;0.0;4.68;2.33;1.46;0;0;0
7086361926;"South";"2016-08-05";10677;7.1;2534;2534;695;147;27;32;0.0;3.25;1.53;2.31;0;0;0
7086361926;"North";"2016-09-05";13566;9.11;2960;2960;743;171;50;67;0.0;3.12;1.71;4.26;0;0;0
7086361926;"East";"2016-10-05";14433;10.79;2800;2800;1182;106;23;72;0.0;2.45;1.2;7.11;0;0;0
7086361926;"North";"2016-11-05";9572;6.52;2735;2735;757;128;40;57;0.0;2.23;1.39;2.89;0;0;0
7086361926;"West";"2016-12-05";3789;2.56;1199;1199;343;58;4;5;0.0;1.89;0.27;0.38;0;0;0
8053475328;"South";"2016-12-04";18060;14.12;3186;3186;1193;123;8;116;0.0;2.1;0.39;11.64;0;0;0
8053475328;"North";"2016-04-13";16433;13.35;3140;3140;1177;156;12;95;0.0;2.45;0.47;10.43;0;0;0
8053475328;"East";"2016-04-14";20159;15.97;3411;3411;1123;193;5;119;0.0;3.36;0.21;12.34;0;0;0
8053475328;"East";"2016-04-15";20669;16.24;3410;3410;1142;158;8;132;0.0;2.59;0.39;13.26;0;0;0
8053475328;"West";"2016-04-16";14549;11.11;2867;2867;1255;83;6;96;0.0;1.49;0.27;9.36;0;0;0
8053475328;"North";"2016-04-17";18827;13.69;3213;3213;1113;195;21;111;0.0;3.64;0.8;9.24;0;0;0
8053475328;"East";"2016-04-18";17076;12.66;3133;3133;1137;195;6;102;0.0;3.35;0.23;9.08;0;0;0
8053475328;"West";"2016-04-19";15929;12.48;3114;3114;1152;191;7;90;0.0;2.95;0.31;9.22;0;0;0
8053475328;"South";"2016-04-20";15108;12.19;3043;3043;695;158;5;89;0.0;2.38;0.23;9.58;0;0;0
8053475328;"South";"2016-04-21";16057;12.51;3103;3103;1164;170;6;100;0.0;2.58;0.25;9.67;0;0;0
8053475328;"North";"2016-04-22";10520;8.29;2655;2655;1260;117;3;60;0.0;1.88;0.15;6.26;0;0;0
8053475328;"East";"2016-04-23";22359;17.19;3554;3554;741;223;14;125;0.0;4.02;0.63;12.54;0;0;0
8053475328;"West";"2016-04-24";22988;17.95;3577;3577;1096;182;33;129;0.0;3.26;1.55;13.13;0;0;0
8053475328;"South";"2016-04-25";20500;15.69;3403;3403;1104;209;9;118;0.0;3.86;0.46;11.37;0;0;0
8053475328;"North";"2016-04-26";12685;9.62;2846;2846;1182;185;5;68;0.0;3.1;0.2;6.31;0;0;0
8053475328;"East";"2016-04-27";12422;9.82;2852;2852;1187;183;10;60;0.0;2.93;0.43;6.46;0;0;0
8053475328;"North";"2016-04-28";15447;12.4;3062;3062;1188;153;9;90;0.0;2.35;0.39;9.67;0;0;0
8053475328;"East";"2016-04-29";12315;9.65;2794;2794;1215;159;8;58;0.0;3.17;0.31;6.17;0;0;0
8053475328;"West";"2016-04-30";7135;5.59;2408;2408;1281;131;1;27;0.0;2.54;0.06;2.99;0;0;0
8053475328;"South";"2016-01-05";1170;0.85;1886;1886;1389;51;0;0;0.0;0.85;0.0;0.0;0;0;0
8053475328;"West";"2016-02-05";1969;1.43;1988;1988;1345;95;0;0;0.0;1.43;0.0;0.0;0;0;0
8053475328;"West";"2016-03-05";15484;11.9;3023;3023;1166;165;22;87;0.0;2.59;0.93;8.39;0;0;0
8053475328;"South";"2016-04-05";14581;11.15;2918;2918;1220;123;8;89;0.0;1.91;0.4;8.82;0;0;0
8053475328;"North";"2016-05-05";14990;11.51;2950;2950;1208;130;9;93;0.0;2.21;0.45;8.85;0;0;0
8053475328;"East";"2016-06-05";13953;11.0;2859;2859;1245;90;15;90;0.0;1.21;0.69;9.1;0;0;0
8053475328;"West";"2016-07-05";19769;15.67;3331;3331;1076;148;20;121;0.0;2.35;0.88;12.44;0;0;0
8053475328;"West";"2016-08-05";22026;17.65;3589;3589;1073;228;14;125;0.0;3.66;0.59;13.4;0;0;0
8053475328;"South";"2016-09-05";12465;9.38;2765;2765;1214;148;12;66;0.0;2.69;0.57;6.12;0;0;0
8053475328;"North";"2016-10-05";14810;11.36;2926;2926;1219;115;10;96;0.0;1.85;0.42;9.09;0;0;0
8053475328;"East";"2016-11-05";12209;9.4;2809;2809;1189;184;7;60;0.0;3.04;0.28;6.08;0;0;0
8053475328;"West";"2016-12-05";4998;3.91;1505;1505;839;39;4;28;0.0;0.76;0.2;2.95;0;0;0
8253242879;"West";"2016-12-04";9033;7.16;2044;2044;1244;154;2;40;0.0;1.59;0.14;5.43;0;0;0
8253242879;"South";"2016-04-13";8053;6.1;1935;1935;1298;96;11;35;0.0;1.31;0.63;4.17;0;0;0
8253242879;"South";"2016-04-14";5234;3.46;1705;1705;1362;33;16;29;0.0;0.54;0.99;1.93;0;0;0
8253242879;"North";"2016-04-15";2672;1.77;1632;1632;1335;105;0;0;0.0;1.76;0.0;0.0;0;0;0
8253242879;"East";"2016-04-16";9256;6.14;1880;1880;1268;115;51;6;0.0;2.45;3.27;0.43;0;0;0
8253242879;"West";"2016-04-17";10204;7.91;2112;2112;1237;157;5;41;0.0;2.33;0.15;5.43;0;0;0
8253242879;"East";"2016-04-18";5151;3.48;1829;1829;1278;130;16;16;0.0;1.8;0.63;1.04;0;0;0
8253242879;"West";"2016-04-19";4212;2.78;1763;1763;1276;164;0;0;0.0;2.78;0.0;0.0;0;0;0
8253242879;"South";"2016-04-20";6466;4.27;1931;1931;1201;216;18;5;0.01;3.11;0.82;0.33;0;0;0
8253242879;"South";"2016-04-21";11268;8.56;2218;2218;1199;172;20;49;0.0;1.75;0.93;5.88;0;0;0
8253242879;"North";"2016-04-22";2824;1.87;1651;1651;1320;120;0;0;0.0;1.87;0.0;0.0;0;0;0
8253242879;"East";"2016-04-23";9282;6.26;2132;2132;1193;191;26;30;0.0;3.13;1.04;2.09;0;0;0
8253242879;"West";"2016-04-24";8905;7.13;1976;1976;1313;82;4;41;0.0;1.34;0.19;5.6;0;0;0
8253242879;"South";"2016-04-25";6829;4.51;1909;1909;1261;118;54;7;0.0;1.77;2.39;0.36;0;0;0
8253242879;"North";"2016-04-26";4562;3.04;1813;1813;1299;108;14;19;0.0;1.37;0.49;1.18;0;0;0
8253242879;"East";"2016-04-27";10232;8.18;2008;2008;1286;104;5;45;0.0;1.7;0.23;6.24;0;0;0
8253242879;"North";"2016-04-28";2718;1.8;1580;1580;1393;20;16;11;0.0;0.34;0.78;0.67;0;0;0
8253242879;"West";"2016-04-29";6260;4.26;1854;1854;1257;136;14;16;0.0;2.4;0.54;1.29;0;0;0
8253242879;"South";"2016-04-30";0;0.0;0;0;1440;0;0;0;0.0;0.0;0.0;0.0;0;0;0
8378563200;"North";"2016-12-04";7626;6.05;3635;3635;723;156;15;65;0.0;4.5;0.71;0.83;0;0;0
8378563200;"East";"2016-04-13";12386;9.82;4079;4079;680;169;14;116;0.0;4.21;0.65;4.96;0;0;0
8378563200;"East";"2016-04-14";13318;10.56;4163;4163;699;174;21;123;0.0;3.91;1.03;5.62;0;0;0
8378563200;"West";"2016-04-15";14461;11.47;3666;3666;729;190;23;60;0.0;5.41;1.15;4.91;0;0;0
8378563200;"North";"2016-04-16";11207;8.89;3363;3363;563;142;21;64;0.0;2.44;1.07;5.37;0;0;0
8378563200;"East";"2016-04-17";2132;1.69;2572;2572;599;93;0;0;0.0;1.69;0.0;0.0;0;0;0
8378563200;"West";"2016-04-18";13630;10.81;4157;4157;720;174;10;117;0.0;5.2;0.56;5.05;0;0;0
8378563200;"South";"2016-04-19";13070;10.36;4092;4092;737;154;19;120;0.0;4.18;0.88;5.3;0;0;0
8378563200;"South";"2016-04-20";9388;7.44;3787;3787;763;169;8;82;0.0;4.78;0.44;2.23;0;0;0
8378563200;"North";"2016-04-21";15148;12.01;4236;4236;677;145;16;137;0.0;4.29;0.82;6.9;0;0;0
8378563200;"East";"2016-04-22";12200;9.67;4044;4044;769;159;12;113;0.0;4.18;0.59;4.91;0;0;0
8378563200;"West";"2016-04-23";5709;4.53;2908;2908;740;136;10;19;0.0;2.48;0.52;1.52;0;0;0
8378563200;"South";"2016-04-24";3703;2.94;2741;2741;734;135;0;0;0.0;2.94;0.0;0.0;0;0;0
8378563200;"North";"2016-04-25";12405;9.84;4005;4005;692;141;16;117;0.0;3.92;0.87;5.05;0;0;0
8378563200;"East";"2016-04-26";16208;12.85;3763;3763;593;161;18;90;0.0;4.42;0.92;7.51;0;0;0
8378563200;"North";"2016-04-27";7359;5.84;3061;3061;676;192;4;4;0.0;5.33;0.18;0.33;0;0;0
8378563200;"East";"2016-04-28";5417;4.3;2884;2884;711;139;10;11;0.0;2.91;0.49;0.9;0;0;0
8378563200;"West";"2016-04-29";6175;4.9;2982;2982;767;172;7;3;0.0;4.27;0.36;0.25;0;0;0
8378563200;"South";"2016-04-30";2946;2.34;2660;2660;780;121;0;0;0.0;2.34;0.0;0.0;0;0;0
8378563200;"West";"2016-01-05";11419;9.06;3369;3369;669;127;10;71;0.0;2.47;0.56;6.03;0;0;0
8378563200;"West";"2016-02-05";6064;4.81;3491;3491;802;142;4;63;0.0;4.01;0.17;0.63;0;0;0
8378563200;"South";"2016-03-05";8712;6.91;3784;3784;822;195;20;71;0.0;4.5;1.06;1.34;0;0;0
8378563200;"North";"2016-04-05";7875;6.24;3110;3110;680;167;10;19;0.0;4.2;0.49;1.56;0;0;0
8378563200;"East";"2016-05-05";8567;6.79;3783;3783;764;214;3;66;0.0;5.74;0.16;0.89;0;0;0
8378563200;"West";"2016-06-05";7045;5.59;3644;3644;831;166;5;74;0.0;3.78;0.25;1.55;0;0;0
8378563200;"West";"2016-07-05";4468;3.54;2799;2799;851;158;0;0;0.0;3.54;0.0;0.0;0;0;0
8378563200;"South";"2016-08-05";2943;2.33;2685;2685;621;139;0;0;0.0;2.33;0.0;0.0;0;0;0
8378563200;"North";"2016-09-05";8382;6.65;3721;3721;772;171;13;71;0.0;4.72;0.66;1.27;0;0;0
8378563200;"East";"2016-10-05";6582;5.22;3586;3586;840;152;13;63;0.0;3.92;0.64;0.66;0;0;0
8378563200;"West";"2016-11-05";9143;7.25;3788;3788;763;184;10;72;0.0;5.27;0.59;1.39;0;0;0
8378563200;"West";"2016-12-05";4561;3.62;1976;1976;433;102;6;8;0.0;2.69;0.27;0.65;0;0;0
8583815059;"South";"2016-12-04";5014;3.91;2650;2650;1237;196;7;0;0.0;3.58;0.33;0.0;0;0;0
8583815059;"South";"2016-04-13";5571;4.35;2654;2654;1252;163;23;2;0.0;3.23;0.97;0.15;0;0;0
8583815059;"North";"2016-04-14";3135;2.45;2443;2443;1306;134;0;0;0.0;2.43;0.0;0.0;0;0;0
8583815059;"East";"2016-04-15";3430;2.68;2505;2505;1375;65;0;0;0.0;0.9;0.0;0.0;0;0;0
8583815059;"West";"2016-04-16";5319;4.15;2693;2693;1440;0;0;0;0.0;0.0;0.0;0.0;0;0;0
8583815059;"East";"2016-04-17";3008;2.35;2439;2439;1440;0;0;0;0.0;0.0;0.0;0.0;0;0;0
8583815059;"West";"2016-04-18";3864;3.01;2536;2536;1309;105;22;4;0.0;1.35;1.06;0.31;0;0;0
8583815059;"South";"2016-04-19";5697;4.44;2668;2668;1257;166;10;7;0.0;3.44;0.48;0.53;0;0;0
8583815059;"South";"2016-04-20";5273;4.11;2647;2647;1246;167;27;0;0.0;3.07;1.04;0.0;0;0;0
8583815059;"North";"2016-04-21";8538;6.66;2883;2883;1229;158;18;35;0.0;3.01;1.02;2.63;0;0;0
8583815059;"East";"2016-04-22";8687;6.78;2944;2944;1170;212;54;4;0.0;4.08;2.41;0.29;0;0;0
8583815059;"West";"2016-04-23";9423;7.35;3012;3012;1151;238;44;7;0.0;4.75;2.03;0.53;0;0;0
8583815059;"South";"2016-04-24";8286;6.46;2889;2889;1188;206;44;2;0.0;4.27;2.05;0.15;0;0;0
8583815059;"North";"2016-04-25";4503;3.51;2547;2547;1294;122;6;18;0.0;1.81;0.24;1.47;0;0;0
8583815059;"East";"2016-04-26";10499;8.19;3093;3093;1134;214;91;1;0.0;3.89;4.22;0.07;0;0;0
8583815059;"North";"2016-04-27";12474;9.73;3142;3142;1229;129;5;77;0.0;2.87;0.27;6.6;0;0;0
8583815059;"West";"2016-04-28";6174;4.82;2757;2757;1209;203;28;0;0.0;3.61;1.2;0.0;0;0;0
8583815059;"South";"2016-04-29";15168;11.83;3513;3513;1069;258;67;46;0.0;4.92;3.0;3.9;0;0;0
8583815059;"North";"2016-04-30";10085;7.87;3164;3164;1093;317;28;2;0.0;6.43;1.28;0.15;0;0;0
8583815059;"East";"2016-01-05";4512;3.52;2596;2596;1311;117;2;10;0.0;2.04;0.12;0.78;0;0;0
8583815059;"East";"2016-02-05";8469;6.61;2894;2894;1440;0;0;0;0.0;0.0;0.0;0.0;0;0;0
8583815059;"West";"2016-03-05";12015;9.37;3212;3212;1440;0;0;0;0.0;0.0;0.0;0.0;0;0;0
8583815059;"North";"2016-04-05";3588;2.8;2516;2516;1440;0;0;0;0.0;0.0;0.0;0.0;0;0;0
8583815059;"East";"2016-05-05";12427;9.69;3266;3266;1370;70;0;0;0.0;1.18;0.0;0.0;0;0;0
8583815059;"West";"2016-06-05";5843;4.56;2683;2683;1250;166;22;2;0.0;3.23;1.19;0.14;0;0;0
8583815059;"South";"2016-07-05";6117;4.77;2810;2810;1190;250;0;0;0.0;4.77;0.0;0.0;0;0;0
8583815059;"South";"2016-08-05";9217;7.19;2940;2940;1183;182;72;3;0.0;3.66;3.31;0.22;0;0;0
8583815059;"North";"2016-09-05";9877;7.7;2947;2947;1260;110;4;66;0.0;1.73;0.17;5.76;0;0;0
8583815059;"East";"2016-10-05";8240;6.43;2846;2846;1226;162;43;9;0.0;3.72;2.01;0.69;0;0;0
8583815059;"West";"2016-11-05";8701;6.79;2804;2804;1106;177;71;5;0.0;3.17;3.24;0.37;0;0;0
8583815059;"South";"2016-12-05";0;0.0;0;0;1440;0;0;0;0.0;0.0;0.0;0.0;0;0;0
8792009665;"North";"2016-12-04";2564;1.64;2044;2044;831;116;0;0;0.0;1.64;0.0;0.0;0;0;0
8792009665;"East";"2016-04-13";1320;0.84;1934;1934;806;82;0;0;0.0;0.84;0.0;0.0;0;0;0
8792009665;"North";"2016-04-14";1219;0.78;1963;1963;853;84;0;0;0.0;0.78;0.0;0.0;0;0;0
8792009665;"East";"2016-04-15";2483;1.59;2009;2009;937;126;0;0;0.0;1.59;0.0;0.0;0;0;0
8792009665;"West";"2016-04-16";244;0.16;1721;1721;1428;12;0;0;0.0;0.16;0.0;0.0;0;0;0
8792009665;"South";"2016-04-17";0;0.0;1688;1688;1440;0;0;0;0.0;0.0;0.0;0.0;0;0;0
8792009665;"West";"2016-04-18";0;0.0;1688;1688;1440;0;0;0;0.0;0.0;0.0;0.0;0;0;0
8792009665;"West";"2016-04-19";0;0.0;1688;1688;1440;0;0;0;0.0;0.0;0.0;0.0;0;0;0
8792009665;"South";"2016-04-20";3147;2.01;2188;2188;744;139;10;0;0.0;1.74;0.28;0.0;0;0;0
8792009665;"North";"2016-04-21";144;0.09;1720;1720;1431;9;0;0;0.0;0.09;0.0;0.0;0;0;0
8792009665;"East";"2016-04-22";4068;2.6;2419;2419;817;195;20;1;0.0;2.27;0.28;0.05;0;0;0
8792009665;"West";"2016-04-23";5245;3.36;2748;2748;795;232;45;8;0.0;2.75;0.44;0.16;0;0;0
8792009665;"West";"2016-04-24";400;0.26;1799;1799;1410;19;8;3;0.0;0.16;0.05;0.04;0;0;0
8792009665;"South";"2016-04-25";0;0.0;1688;1688;1440;0;0;0;0.0;0.0;0.0;0.0;0;0;0
8792009665;"North";"2016-04-26";1321;0.85;1928;1928;1360;80;0;0;0.0;0.85;0.0;0.0;0;0;0
8792009665;"East";"2016-04-27";1758;1.13;2067;2067;900;112;0;0;0.0;1.13;0.0;0.0;0;0;0
8792009665;"West";"2016-04-28";6157;3.94;2780;2780;714;310;0;0;0.0;3.94;0.0;0.0;0;0;0
8792009665;"West";"2016-04-29";8360;5.35;3101;3101;634;380;14;6;0.0;4.93;0.28;0.14;0;0;0
8792009665;"South";"2016-04-30";7174;4.59;2896;2896;749;301;20;10;0.0;3.91;0.36;0.33;0;0;0
8792009665;"South";"2016-01-05";1619;1.04;1962;1962;834;79;0;0;0.0;1.04;0.0;0.0;0;0;0
8792009665;"North";"2016-02-05";1831;1.17;2015;2015;916;101;0;0;0.0;1.17;0.0;0.0;0;0;0
8792009665;"East";"2016-03-05";2421;1.55;2297;2297;739;156;0;0;0.0;1.55;0.0;0.0;0;0;0
8792009665;"West";"2016-04-05";2283;1.46;2067;2067;848;129;0;0;0.0;1.46;0.0;0.0;0;0;0
8792009665;"East";"2016-05-05";0;0.0;1688;1688;1440;0;0;0;0.0;0.0;0.0;0.0;0;0;0
8792009665;"West";"2016-06-05";0;0.0;1688;1688;1440;0;0;0;0.0;0.0;0.0;0.0;0;0;0
8792009665;"South";"2016-07-05";0;0.0;1688;1688;1440;0;0;0;0.0;0.0;0.0;0.0;0;0;0
8792009665;"South";"2016-08-05";0;0.0;1688;1688;1440;0;0;0;0.0;0.0;0.0;0.0;0;0;0
8792009665;"North";"2016-09-05";0;0.0;1688;1688;1440;0;0;0;0.0;0.0;0.0;0.0;0;0;0
8792009665;"East";"2016-10-05";0;0.0;57;57;48;0;0;0;0.0;0.0;0.0;0.0;0;0;0
8877689391;"West";"2016-12-04";23186;20.4;3921;3921;1036;312;7;85;0.0;7.82;0.34;12.22;0;0;0
8877689391;"South";"2016-04-13";15337;9.58;3566;3566;1098;216;18;108;0.0;5.64;0.38;3.55;0;0;0
8877689391;"North";"2016-04-14";21129;18.98;3793;3793;1061;298;13;68;0.02;7.75;0.59;10.55;0;0;0
8877689391;"East";"2016-04-15";13422;7.17;3934;3934;1052;281;1;106;0.01;7.01;0.05;0.05;0;0;0
8877689391;"North";"2016-04-16";29326;25.29;4547;4547;888;429;29;94;0.0;10.71;1.21;13.24;0;0;0
8877689391;"West";"2016-04-17";15118;8.87;3545;3545;1060;307;15;58;0.0;8.79;0.07;0.0;0;0;0
8877689391;"South";"2016-04-18";11423;8.67;2761;2761;1215;191;5;29;0.0;5.94;0.27;2.44;0;0;0
8877689391;"North";"2016-04-19";18785;17.4;3676;3676;1131;214;13;82;0.0;5.03;0.18;12.15;0;0;0
8877689391;"East";"2016-04-20";19948;18.11;3679;3679;1123;225;19;73;0.0;6.34;0.69;11.02;0;0;0
8877689391;"East";"2016-04-21";19377;17.62;3659;3659;1119;226;13;82;0.0;4.89;0.42;12.29;0;0;0
8877689391;"West";"2016-04-22";18258;16.31;3427;3427;1141;236;2;61;0.05;5.97;0.03;10.23;0;0;0
8877689391;"North";"2016-04-23";11200;7.43;3891;3891;1032;300;6;102;0.01;7.4;0.0;0.0;0;0;0
8877689391;"East";"2016-04-24";16674;15.74;3455;3455;1148;227;1;64;0.0;4.69;0.01;11.01;0;0;0
8877689391;"West";"2016-04-25";12986;8.74;3802;3802;1101;218;8;113;0.01;6.27;0.07;2.37;0;0;0
8877689391;"South";"2016-04-26";11101;8.43;2860;2860;1157;258;3;22;0.0;6.5;0.13;1.76;0;0;0
8877689391;"South";"2016-04-27";23629;20.65;3808;3808;1104;235;8;93;0.0;7.1;0.44;13.07;0;0;0
8877689391;"North";"2016-04-28";14890;11.3;3060;3060;1143;231;8;58;0.0;5.97;0.38;4.93;0;0;0
8877689391;"East";"2016-04-29";9733;7.39;2698;2698;1207;210;5;18;0.0;5.79;0.17;1.38;0;0;0
8877689391;"West";"2016-04-30";27745;26.72;4398;4398;1089;223;4;124;0.0;4.93;0.08;21.66;0;0;0
8877689391;"South";"2016-01-05";10930;8.32;2786;2786;1226;166;12;36;0.0;4.57;0.57;3.13;0;0;0
8877689391;"North";"2016-02-05";4790;3.64;2189;2189;1335;105;0;0;0.0;3.56;0.0;0.0;0;0;0
8877689391;"East";"2016-03-05";10818;8.21;2817;2817;1189;229;3;19;0.01;6.67;0.1;1.39;0;0;0
8877689391;"North";"2016-04-05";18193;16.3;3477;3477;1154;212;8;66;0.0;5.53;0.31;10.42;0;0;0
8877689391;"East";"2016-05-05";14055;10.67;3052;3052;1170;188;15;67;0.0;4.37;0.82;5.46;0;0;0
8877689391;"West";"2016-06-05";21727;19.34;4015;4015;1095;232;17;96;0.0;6.16;0.29;12.79;0;0;0
8877689391;"South";"2016-07-05";12332;8.13;4142;4142;1036;271;28;105;0.0;6.99;0.96;0.08;0;0;0
8877689391;"West";"2016-08-05";10686;8.11;2847;2847;1174;245;4;17;0.0;6.8;0.2;1.08;0;0;0
8877689391;"West";"2016-09-05";20226;18.25;3710;3710;1131;217;19;73;0.05;6.24;0.8;11.1;0;0;0
8877689391;"South";"2016-10-05";10733;8.15;2832;2832;1187;224;11;18;0.0;6.28;0.46;1.35;0;0;0
8877689391;"North";"2016-11-05";21420;19.56;3832;3832;1127;213;12;88;0.0;5.89;0.41;13.22;0;0;0
8877689391;"East";"2016-12-05";8064;6.12;1849;1849;770;137;1;23;0.0;4.25;0.04;1.82;0;0;0
